apo_pdb,apo_chain,holo_pdb,holo_chain,ligand_field,motion_type,status,n_residues_matched,n_pocket_residues,global_ca_rmsd,pocket_ca_rmsd,pocket_allatom_rmsd,ca_to_allatom_ratio,max_residue_displacement,max_residue_displacement_holo_resid,cofactor_difference,apo_extra_hetero,holo_extra_hetero,qualifies
3PPN,A,3PPR,B,4CS,id,ok,269,17,1.244,1.399,1.493,0.937,2.579,175,False,,,True
4W51,A,4W58,A,3H2,ssc,ok,164,23,0.703,0.864,1.073,0.806,3.558,111,False,,,False
4I92,A,4I94,B,ANP,id,ok,289,17,1.047,1.376,1.938,0.71,3.716,71,False,,,True
6E5D,A,6E5F,A,L6T,ssm,ok,173,14,0.793,0.557,1.126,0.494,1.11,214,False,,,False
5H9A,A,6E5L,A,HVD,loop,ok,139,20,1.149,1.566,1.654,0.947,6.221,76,False,,,True
4IC4,A,4INQ,A,PIF,loop,ok,372,18,0.761,1.868,2.153,0.868,5.68,655,False,,,True
1EZM,A,3DBK,A,RDF,id,ok,298,15,1.244,1.569,1.752,0.895,2.841,114,False,,,True
1S2O,A,1U2S,A,GLC,id,ok,244,21,3.336,3.178,3.227,0.985,5.499,149,False,,,False
1TVQ,A,1TW4,A,2xCHD,ssm,ok,125,15,1.162,1.754,2.055,0.853,4.098,74,False,,,True
2OY4,A,3DPF,A,AXB,loop,ok,157,20,0.836,0.704,1.082,0.651,1.823,222,True,,HAE,False
5NIA,A,5NI6,A,DJ3,"ssm, loop",ok,607,20,2.131,2.336,2.946,0.793,4.355,380,False,,,True
1Y1A,A,1Y1A,B,GSH,ssc,ok,183,10,2.661,3.184,3.608,0.882,7.237,48,False,,,False
3NX1,A,3NX2,A,FER,ssm,ok,162,14,0.883,1.937,2.536,0.764,4.884,23,False,,,True
1KX9,B,1N8V,B,3xBDD,ssm,ok,93,15,1.798,2.573,2.801,0.919,5.286,46,False,,,False
5NZM,A,2OEG,A,UPG,id,ok,465,17,2.625,1.905,2.118,0.9,5.256,256,True,9ET,,False
6YPK,A,5OSZ,A,AHK:403,ssc,ok,327,17,1.239,0.712,1.298,0.548,1.97,50,True,GDP,,False
2CEY,A,6H76,A,SLB,id,ok,306,20,2.859,2.963,3.157,0.939,6.77,170,False,,,False
1URP,A,2DRI,A,RIP,id,ok,271,20,4.062,3.556,3.656,0.973,5.687,13,False,,,False
3FVJ,A,2B03,A,TUD,ssc,ok,124,16,1.47,2.917,3.775,0.773,6.097,18,False,,,False
3UGK,A,3UH1,A,"NAI,SHR","id, loop",ok,367,17,3.184,2.885,3.998,0.722,5.555,99,True,,,False
2ZKU,B,3VQS,A,JT1,loop,ok,551,14,1.253,1.15,2.023,0.569,2.575,448,False,,,True
5ZA4,A,5YYB,A,NGE,id,ok,478,24,3.438,3.949,3.933,1.004,6.033,366,False,,,False
4V38,A,4V3B,A,C,id,error: None of {'C'} found in chain A,,,,,,,,,,,,
3P53,A,6I11,A,H0H,id,ok,484,16,3.979,4.067,4.08,0.997,6.633,60,False,,,False
2HQ8,B,2HPS,A,CTZ,ssm,ok,177,14,4.017,2.596,2.728,0.951,4.737,131,False,,,False
2W9T,A,2W9S,C,"NDP,TOP",loop,ok,157,20,1.626,1.533,1.934,0.793,4.812,18,True,,,False
4R72,A,4R74,D,F6P,id,ok,318,22,4.116,4.632,4.559,1.016,6.282,184,False,,,False
3QXW,B,3QXV,A,MTX,ssc,ok,123,15,1.047,2.736,4.46,0.613,6.923,31,False,,,False
3KJE,A,3KJG,A,ADP,ssc,ok,254,18,1.632,3.096,3.76,0.823,7.711,11,False,,,False
2LAO,A,1LAH,E,ORN,id,ok,238,19,4.755,5.198,5.307,0.979,8.183,119,False,,,False
4P0I,B,5OTA,A,AQQ,id,ok,254,24,4.986,5.429,5.472,0.992,7.708,167,False,,,False
1KMO,A,1KMP,A,2xCIT-2xFe,"ssc, loop",ok,633,19,1.807,5.61,5.985,0.937,15.902,570,False,,,False
1J8F,C,6QCN,B,AR6,id,ok,300,22,3.417,3.796,4.35,0.873,7.746,265,False,,,False
5UXA,A,5IGY,A,"GDP-Ca,ERY","ssc, ssm, id",ok,295,12,2.662,5.415,7.363,0.735,12.369,110,True,,,False
6HB0,A,6HBD,A,GZL,"id, ssc",ok,302,19,6.034,4.601,5.52,0.834,8.094,31,False,,,False
2FJY,A,2P70,A,2xPRZ,lr,ok,126,17,5.606,4.718,5.144,0.917,10.499,68,False,,,False
5G1M,A,5G3R,A,"89A,NAG","ssc, loop",ok,333,15,3.178,7.598,8.62,0.881,20.913,127,True,,,False
6RVM,C,5XDT,A,ZI7-Ca,lr,ok,304,20,10.591,17.821,17.993,0.99,29.402,210,True,,GDP,False
1K3F,B,1U1D,F,181,loop,ok,250,17,2.032,3.002,4.883,0.615,7.903,227,False,,,False
1OK8,A,1OKE,B,BOG,ssc,skip: no non-ion ligand code,,,,,,,,,,,,
2OHG,A,2OHV,A,NHL,loop,ok,258,18,0.898,1.662,1.833,0.907,3.228,40,False,,,True
2WGB,A,2V57,A,"PRL,IPA",lr,ok,169,16,4.514,3.428,4.102,0.836,7.992,106,True,,,False
3RWV,A,3S0K,A,03F,ssm,ok,203,20,1.088,1.198,1.52,0.788,3.418,34,False,,,True
