condition,ligand,receptor,seed,ok,out_pdbqt,n_poses,best_score
A,1U4G_HPI,beta0.0,1,True,results/lasb_ensemble_rmsd/docking/A_1U4G_HPI_beta0.0_s1_out.pdbqt,20,-7.923
A,1U4G_HPI,beta3.2,2,True,results/lasb_ensemble_rmsd/docking/A_1U4G_HPI_beta3.2_s2_out.pdbqt,20,-6.706
B,1U4G_HPI,1EZM_apo,1,True,results/lasb_ensemble_rmsd/docking/B_1U4G_HPI_1EZM_apo_s1_out.pdbqt,20,-5.947
B,1U4G_HPI,1EZM_apo,2,True,results/lasb_ensemble_rmsd/docking/B_1U4G_HPI_1EZM_apo_s2_out.pdbqt,20,-6.016
A,3DBK_RDF,beta0.0,1,True,results/lasb_ensemble_rmsd/docking/A_3DBK_RDF_beta0.0_s1_out.pdbqt,20,-8.439
A,3DBK_RDF,beta3.2,2,True,results/lasb_ensemble_rmsd/docking/A_3DBK_RDF_beta3.2_s2_out.pdbqt,20,-8.478
B,3DBK_RDF,1EZM_apo,1,True,results/lasb_ensemble_rmsd/docking/B_3DBK_RDF_1EZM_apo_s1_out.pdbqt,20,-6.857
B,3DBK_RDF,1EZM_apo,2,True,results/lasb_ensemble_rmsd/docking/B_3DBK_RDF_1EZM_apo_s2_out.pdbqt,20,-6.853
A,6F8B_CXH,beta0.0,1,True,results/lasb_ensemble_rmsd/docking/A_6F8B_CXH_beta0.0_s1_out.pdbqt,20,-5.275
A,6F8B_CXH,beta3.2,2,True,results/lasb_ensemble_rmsd/docking/A_6F8B_CXH_beta3.2_s2_out.pdbqt,20,-5.7
B,6F8B_CXH,1EZM_apo,1,True,results/lasb_ensemble_rmsd/docking/B_6F8B_CXH_1EZM_apo_s1_out.pdbqt,20,-4.177
B,6F8B_CXH,1EZM_apo,2,True,results/lasb_ensemble_rmsd/docking/B_6F8B_CXH_1EZM_apo_s2_out.pdbqt,20,-4.173
A,6FZX_EEK,beta0.0,1,True,results/lasb_ensemble_rmsd/docking/A_6FZX_EEK_beta0.0_s1_out.pdbqt,20,-7.222
A,6FZX_EEK,beta3.2,2,True,results/lasb_ensemble_rmsd/docking/A_6FZX_EEK_beta3.2_s2_out.pdbqt,20,-7.207
B,6FZX_EEK,1EZM_apo,1,True,results/lasb_ensemble_rmsd/docking/B_6FZX_EEK_1EZM_apo_s1_out.pdbqt,20,-6.301
B,6FZX_EEK,1EZM_apo,2,True,results/lasb_ensemble_rmsd/docking/B_6FZX_EEK_1EZM_apo_s2_out.pdbqt,20,-6.277
A,7QH1_CI8,beta0.0,1,True,results/lasb_ensemble_rmsd/docking/A_7QH1_CI8_beta0.0_s1_out.pdbqt,20,-6.636
A,7QH1_CI8,beta3.2,2,True,results/lasb_ensemble_rmsd/docking/A_7QH1_CI8_beta3.2_s2_out.pdbqt,20,-7.388
B,7QH1_CI8,1EZM_apo,1,True,results/lasb_ensemble_rmsd/docking/B_7QH1_CI8_1EZM_apo_s1_out.pdbqt,20,-6.108
B,7QH1_CI8,1EZM_apo,2,True,results/lasb_ensemble_rmsd/docking/B_7QH1_CI8_1EZM_apo_s2_out.pdbqt,20,-5.889
A,8R1B_XI5,beta0.0,1,True,results/lasb_ensemble_rmsd/docking/A_8R1B_XI5_beta0.0_s1_out.pdbqt,20,-7.505
A,8R1B_XI5,beta3.2,2,True,results/lasb_ensemble_rmsd/docking/A_8R1B_XI5_beta3.2_s2_out.pdbqt,20,-8.471
B,8R1B_XI5,1EZM_apo,1,True,results/lasb_ensemble_rmsd/docking/B_8R1B_XI5_1EZM_apo_s1_out.pdbqt,20,-6.111
B,8R1B_XI5,1EZM_apo,2,True,results/lasb_ensemble_rmsd/docking/B_8R1B_XI5_1EZM_apo_s2_out.pdbqt,20,-6.128
A,8CC4_U7F,beta0.0,1,True,results/lasb_ensemble_rmsd/docking/A_8CC4_U7F_beta0.0_s1_out.pdbqt,19,-7.526
A,8CC4_U7F,beta3.2,2,True,results/lasb_ensemble_rmsd/docking/A_8CC4_U7F_beta3.2_s2_out.pdbqt,20,-7.496
B,8CC4_U7F,1EZM_apo,1,True,results/lasb_ensemble_rmsd/docking/B_8CC4_U7F_1EZM_apo_s1_out.pdbqt,20,-5.887
B,8CC4_U7F,1EZM_apo,2,True,results/lasb_ensemble_rmsd/docking/B_8CC4_U7F_1EZM_apo_s2_out.pdbqt,20,-5.835
A,9FQD_A1IEX,beta0.0,1,True,results/lasb_ensemble_rmsd/docking/A_9FQD_A1IEX_beta0.0_s1_out.pdbqt,20,-7.776
A,9FQD_A1IEX,beta3.2,2,True,results/lasb_ensemble_rmsd/docking/A_9FQD_A1IEX_beta3.2_s2_out.pdbqt,20,-7.192
B,9FQD_A1IEX,1EZM_apo,1,True,results/lasb_ensemble_rmsd/docking/B_9FQD_A1IEX_1EZM_apo_s1_out.pdbqt,20,-5.795
B,9FQD_A1IEX,1EZM_apo,2,True,results/lasb_ensemble_rmsd/docking/B_9FQD_A1IEX_1EZM_apo_s2_out.pdbqt,20,-5.926
A,9FQE_A1IEU,beta0.0,1,True,results/lasb_ensemble_rmsd/docking/A_9FQE_A1IEU_beta0.0_s1_out.pdbqt,20,-7.455
A,9FQE_A1IEU,beta3.2,2,True,results/lasb_ensemble_rmsd/docking/A_9FQE_A1IEU_beta3.2_s2_out.pdbqt,20,-7.787
B,9FQE_A1IEU,1EZM_apo,1,True,results/lasb_ensemble_rmsd/docking/B_9FQE_A1IEU_1EZM_apo_s1_out.pdbqt,20,-6.644
B,9FQE_A1IEU,1EZM_apo,2,True,results/lasb_ensemble_rmsd/docking/B_9FQE_A1IEU_1EZM_apo_s2_out.pdbqt,20,-6.653
A,9FQX_A1IJJ,beta0.0,1,True,results/lasb_ensemble_rmsd/docking/A_9FQX_A1IJJ_beta0.0_s1_out.pdbqt,20,-7.589
A,9FQX_A1IJJ,beta3.2,2,True,results/lasb_ensemble_rmsd/docking/A_9FQX_A1IJJ_beta3.2_s2_out.pdbqt,20,-8.464
B,9FQX_A1IJJ,1EZM_apo,1,True,results/lasb_ensemble_rmsd/docking/B_9FQX_A1IJJ_1EZM_apo_s1_out.pdbqt,20,-6.331
B,9FQX_A1IJJ,1EZM_apo,2,True,results/lasb_ensemble_rmsd/docking/B_9FQX_A1IJJ_1EZM_apo_s2_out.pdbqt,20,-6.353
A,9FQY_A1IFN,beta0.0,1,True,results/lasb_ensemble_rmsd/docking/A_9FQY_A1IFN_beta0.0_s1_out.pdbqt,20,-7.789
A,9FQY_A1IFN,beta3.2,2,True,results/lasb_ensemble_rmsd/docking/A_9FQY_A1IFN_beta3.2_s2_out.pdbqt,20,-8.252
B,9FQY_A1IFN,1EZM_apo,1,True,results/lasb_ensemble_rmsd/docking/B_9FQY_A1IFN_1EZM_apo_s1_out.pdbqt,20,-6.112
B,9FQY_A1IFN,1EZM_apo,2,True,results/lasb_ensemble_rmsd/docking/B_9FQY_A1IFN_1EZM_apo_s2_out.pdbqt,20,-6.149
A,9FRY_A1IFU,beta0.0,1,True,results/lasb_ensemble_rmsd/docking/A_9FRY_A1IFU_beta0.0_s1_out.pdbqt,20,-8.087
A,9FRY_A1IFU,beta3.2,2,True,results/lasb_ensemble_rmsd/docking/A_9FRY_A1IFU_beta3.2_s2_out.pdbqt,20,-7.571
B,9FRY_A1IFU,1EZM_apo,1,True,results/lasb_ensemble_rmsd/docking/B_9FRY_A1IFU_1EZM_apo_s1_out.pdbqt,20,-5.572
B,9FRY_A1IFU,1EZM_apo,2,True,results/lasb_ensemble_rmsd/docking/B_9FRY_A1IFU_1EZM_apo_s2_out.pdbqt,20,-5.587
A,9FRZ_A1IFZ,beta0.0,1,True,results/lasb_ensemble_rmsd/docking/A_9FRZ_A1IFZ_beta0.0_s1_out.pdbqt,20,-8.648
A,9FRZ_A1IFZ,beta3.2,2,True,results/lasb_ensemble_rmsd/docking/A_9FRZ_A1IFZ_beta3.2_s2_out.pdbqt,20,-8.757
B,9FRZ_A1IFZ,1EZM_apo,1,True,results/lasb_ensemble_rmsd/docking/B_9FRZ_A1IFZ_1EZM_apo_s1_out.pdbqt,20,-6.458
B,9FRZ_A1IFZ,1EZM_apo,2,True,results/lasb_ensemble_rmsd/docking/B_9FRZ_A1IFZ_1EZM_apo_s2_out.pdbqt,20,-6.494
A,9GM4_A1IM0,beta0.0,1,True,results/lasb_ensemble_rmsd/docking/A_9GM4_A1IM0_beta0.0_s1_out.pdbqt,20,-8.0
A,9GM4_A1IM0,beta3.2,2,True,results/lasb_ensemble_rmsd/docking/A_9GM4_A1IM0_beta3.2_s2_out.pdbqt,20,-8.427
B,9GM4_A1IM0,1EZM_apo,1,True,results/lasb_ensemble_rmsd/docking/B_9GM4_A1IM0_1EZM_apo_s1_out.pdbqt,20,-6.2
B,9GM4_A1IM0,1EZM_apo,2,True,results/lasb_ensemble_rmsd/docking/B_9GM4_A1IM0_1EZM_apo_s2_out.pdbqt,20,-6.232
A,9FS0_A1IFY,beta0.0,1,True,results/lasb_ensemble_rmsd/docking/A_9FS0_A1IFY_beta0.0_s1_out.pdbqt,20,-8.019
A,9FS0_A1IFY,beta3.2,2,True,results/lasb_ensemble_rmsd/docking/A_9FS0_A1IFY_beta3.2_s2_out.pdbqt,20,-8.242
B,9FS0_A1IFY,1EZM_apo,1,True,results/lasb_ensemble_rmsd/docking/B_9FS0_A1IFY_1EZM_apo_s1_out.pdbqt,20,-6.023
B,9FS0_A1IFY,1EZM_apo,2,True,results/lasb_ensemble_rmsd/docking/B_9FS0_A1IFY_1EZM_apo_s2_out.pdbqt,20,-5.991
C,1U4G_HPI,1U4G,1,True,results/lasb_ensemble_rmsd/docking/C_1U4G_HPI_1U4G_s1_out.pdbqt,20,-8.993
C,1U4G_HPI,1U4G,2,True,results/lasb_ensemble_rmsd/docking/C_1U4G_HPI_1U4G_s2_out.pdbqt,20,-8.989
C,3DBK_RDF,3DBK,1,True,results/lasb_ensemble_rmsd/docking/C_3DBK_RDF_3DBK_s1_out.pdbqt,20,-9.284
C,3DBK_RDF,3DBK,2,True,results/lasb_ensemble_rmsd/docking/C_3DBK_RDF_3DBK_s2_out.pdbqt,20,-9.285
C,6F8B_CXH,6F8B,1,True,results/lasb_ensemble_rmsd/docking/C_6F8B_CXH_6F8B_s1_out.pdbqt,20,-5.166
C,6F8B_CXH,6F8B,2,True,results/lasb_ensemble_rmsd/docking/C_6F8B_CXH_6F8B_s2_out.pdbqt,20,-5.161
C,6FZX_EEK,6FZX,1,True,results/lasb_ensemble_rmsd/docking/C_6FZX_EEK_6FZX_s1_out.pdbqt,20,-8.089
C,6FZX_EEK,6FZX,2,True,results/lasb_ensemble_rmsd/docking/C_6FZX_EEK_6FZX_s2_out.pdbqt,20,-8.094
C,7QH1_CI8,7QH1,1,True,results/lasb_ensemble_rmsd/docking/C_7QH1_CI8_7QH1_s1_out.pdbqt,20,-8.499
C,7QH1_CI8,7QH1,2,True,results/lasb_ensemble_rmsd/docking/C_7QH1_CI8_7QH1_s2_out.pdbqt,20,-8.535
C,8R1B_XI5,8R1B,1,True,results/lasb_ensemble_rmsd/docking/C_8R1B_XI5_8R1B_s1_out.pdbqt,20,-8.037
C,8R1B_XI5,8R1B,2,True,results/lasb_ensemble_rmsd/docking/C_8R1B_XI5_8R1B_s2_out.pdbqt,20,-8.0
C,8CC4_U7F,8CC4,1,True,results/lasb_ensemble_rmsd/docking/C_8CC4_U7F_8CC4_s1_out.pdbqt,20,-7.69
C,8CC4_U7F,8CC4,2,True,results/lasb_ensemble_rmsd/docking/C_8CC4_U7F_8CC4_s2_out.pdbqt,20,-7.686
C,9FQD_A1IEX,9FQD,1,True,results/lasb_ensemble_rmsd/docking/C_9FQD_A1IEX_9FQD_s1_out.pdbqt,20,-8.076
C,9FQD_A1IEX,9FQD,2,True,results/lasb_ensemble_rmsd/docking/C_9FQD_A1IEX_9FQD_s2_out.pdbqt,20,-7.982
C,9FQE_A1IEU,9FQE,1,True,results/lasb_ensemble_rmsd/docking/C_9FQE_A1IEU_9FQE_s1_out.pdbqt,20,-8.484
C,9FQE_A1IEU,9FQE,2,True,results/lasb_ensemble_rmsd/docking/C_9FQE_A1IEU_9FQE_s2_out.pdbqt,20,-8.505
C,9FQX_A1IJJ,9FQX,1,True,results/lasb_ensemble_rmsd/docking/C_9FQX_A1IJJ_9FQX_s1_out.pdbqt,20,-7.957
C,9FQX_A1IJJ,9FQX,2,True,results/lasb_ensemble_rmsd/docking/C_9FQX_A1IJJ_9FQX_s2_out.pdbqt,20,-7.931
C,9FQY_A1IFN,9FQY,1,True,results/lasb_ensemble_rmsd/docking/C_9FQY_A1IFN_9FQY_s1_out.pdbqt,19,-8.111
C,9FQY_A1IFN,9FQY,2,True,results/lasb_ensemble_rmsd/docking/C_9FQY_A1IFN_9FQY_s2_out.pdbqt,20,-8.268
C,9FRY_A1IFU,9FRY,1,True,results/lasb_ensemble_rmsd/docking/C_9FRY_A1IFU_9FRY_s1_out.pdbqt,20,-8.36
C,9FRY_A1IFU,9FRY,2,True,results/lasb_ensemble_rmsd/docking/C_9FRY_A1IFU_9FRY_s2_out.pdbqt,20,-8.363
C,9FRZ_A1IFZ,9FRZ,1,True,results/lasb_ensemble_rmsd/docking/C_9FRZ_A1IFZ_9FRZ_s1_out.pdbqt,19,-9.016
C,9FRZ_A1IFZ,9FRZ,2,True,results/lasb_ensemble_rmsd/docking/C_9FRZ_A1IFZ_9FRZ_s2_out.pdbqt,20,-9.136
C,9GM4_A1IM0,9GM4,1,True,results/lasb_ensemble_rmsd/docking/C_9GM4_A1IM0_9GM4_s1_out.pdbqt,20,-7.849
C,9GM4_A1IM0,9GM4,2,True,results/lasb_ensemble_rmsd/docking/C_9GM4_A1IM0_9GM4_s2_out.pdbqt,20,-7.872
C,9FS0_A1IFY,9FS0,1,True,results/lasb_ensemble_rmsd/docking/C_9FS0_A1IFY_9FS0_s1_out.pdbqt,20,-8.693
C,9FS0_A1IFY,9FS0,2,True,results/lasb_ensemble_rmsd/docking/C_9FS0_A1IFY_9FS0_s2_out.pdbqt,20,-8.667
