catalytic_site,ligand,max_bfactor,mean_bfactor,mean_occupancy,min_dist_to_zn_A,min_occupancy,n_atoms,pdbid
True,HPI,29.0,16.3,1.0,1.9,1.0,32,1U4G
True,RDF,19.8,10.9,1.0,1.9,1.0,37,3DBK
True,CXH,44.4,17.2,1.0,2.29,1.0,26,6F8B
True,EEK,30.1,21.9,1.0,1.89,1.0,16,6FZX
True,V85,28.9,22.7,0.5,2.46,0.38,36,7OC7
True,CI8,105.3,50.6,1.0,2.41,1.0,168,7QH1
True,IEV,44.5,31.5,0.5,1.84,0.5,110,7Z68
True,XI5,67.1,41.3,1.0,2.0,1.0,55,8R1B
True,U7F,49.1,32.7,1.0,1.91,1.0,44,8CC4
True,A1IEX,29.9,13.7,1.0,1.88,1.0,50,9FQD
True,A1IEU,25.0,11.2,1.0,1.99,1.0,53,9FQE
True,A1IJJ,44.7,30.3,1.0,1.95,1.0,53,9FQX
True,A1IFN,43.6,22.2,1.0,1.96,1.0,55,9FQY
True,A1IFU,25.7,10.1,1.0,1.92,1.0,44,9FRY
True,A1IFZ,76.7,34.9,1.0,1.76,1.0,49,9FRZ
True,A1IM0,36.7,20.4,1.0,2.09,1.0,47,9GM4
True,A1IFY,35.3,17.4,1.0,1.71,1.0,52,9FS0
