ligand,condition,receptor,seed,pose_rank,vina_score,rmsd,posebusters_pass
1U4G_HPI,A,beta0.0,1,1,-7.923,2.748,True
1U4G_HPI,A,beta0.0,1,2,-7.863,3.206,
1U4G_HPI,A,beta0.0,1,3,-7.791,2.282,
1U4G_HPI,A,beta0.0,1,4,-7.786,3.684,
1U4G_HPI,A,beta0.0,1,5,-7.75,3.924,
1U4G_HPI,A,beta0.0,1,6,-7.717,1.567,
1U4G_HPI,A,beta0.0,1,7,-7.685,3.753,
1U4G_HPI,A,beta0.0,1,8,-7.624,3.891,
1U4G_HPI,A,beta0.0,1,9,-7.608,3.61,
1U4G_HPI,A,beta0.0,1,10,-7.496,3.072,
1U4G_HPI,A,beta0.0,1,11,-7.465,4.154,
1U4G_HPI,A,beta0.0,1,12,-7.464,3.566,
1U4G_HPI,A,beta0.0,1,13,-7.424,3.818,
1U4G_HPI,A,beta0.0,1,14,-7.304,4.003,
1U4G_HPI,A,beta0.0,1,15,-7.28,3.957,
1U4G_HPI,A,beta0.0,1,16,-7.262,4.424,
1U4G_HPI,A,beta0.0,1,17,-7.237,1.901,
1U4G_HPI,A,beta0.0,1,18,-7.229,3.64,
1U4G_HPI,A,beta0.0,1,19,-7.139,3.938,
1U4G_HPI,A,beta0.0,1,20,-7.097,4.176,
1U4G_HPI,A,beta3.2,2,1,-6.706,3.674,True
1U4G_HPI,A,beta3.2,2,2,-6.331,3.578,
1U4G_HPI,A,beta3.2,2,3,-6.289,3.914,
1U4G_HPI,A,beta3.2,2,4,-6.262,4.14,
1U4G_HPI,A,beta3.2,2,5,-6.146,4.044,
1U4G_HPI,A,beta3.2,2,6,-6.031,3.724,
1U4G_HPI,A,beta3.2,2,7,-5.902,4.181,
1U4G_HPI,A,beta3.2,2,8,-5.848,4.031,
1U4G_HPI,A,beta3.2,2,9,-5.836,3.604,
1U4G_HPI,A,beta3.2,2,10,-5.829,4.205,
1U4G_HPI,A,beta3.2,2,11,-5.799,1.639,
1U4G_HPI,A,beta3.2,2,12,-5.714,2.942,
1U4G_HPI,A,beta3.2,2,13,-5.687,4.243,
1U4G_HPI,A,beta3.2,2,14,-5.686,4.081,
1U4G_HPI,A,beta3.2,2,15,-5.63,3.667,
1U4G_HPI,A,beta3.2,2,16,-5.625,3.644,
1U4G_HPI,A,beta3.2,2,17,-5.612,2.545,
1U4G_HPI,A,beta3.2,2,18,-5.593,3.295,
1U4G_HPI,A,beta3.2,2,19,-5.564,3.763,
1U4G_HPI,A,beta3.2,2,20,-5.536,3.923,
1U4G_HPI,B,1EZM_apo,1,1,-5.947,4.091,True
1U4G_HPI,B,1EZM_apo,1,2,-5.888,3.634,
1U4G_HPI,B,1EZM_apo,1,3,-5.725,4.05,
1U4G_HPI,B,1EZM_apo,1,4,-5.664,3.919,
1U4G_HPI,B,1EZM_apo,1,5,-5.663,3.853,
1U4G_HPI,B,1EZM_apo,1,6,-5.643,3.691,
1U4G_HPI,B,1EZM_apo,1,7,-5.637,3.91,
1U4G_HPI,B,1EZM_apo,1,8,-5.62,3.671,
1U4G_HPI,B,1EZM_apo,1,9,-5.508,3.85,
1U4G_HPI,B,1EZM_apo,1,10,-5.46,3.819,
1U4G_HPI,B,1EZM_apo,1,11,-5.399,3.797,
1U4G_HPI,B,1EZM_apo,1,12,-5.381,4.048,
1U4G_HPI,B,1EZM_apo,1,13,-5.348,3.285,
1U4G_HPI,B,1EZM_apo,1,14,-5.294,4.341,
1U4G_HPI,B,1EZM_apo,1,15,-5.09,3.508,
1U4G_HPI,B,1EZM_apo,1,16,-5.037,4.072,
1U4G_HPI,B,1EZM_apo,1,17,-5.0,3.487,
1U4G_HPI,B,1EZM_apo,1,18,-4.967,4.013,
1U4G_HPI,B,1EZM_apo,1,19,-4.923,4.179,
1U4G_HPI,B,1EZM_apo,1,20,-4.885,4.306,
1U4G_HPI,B,1EZM_apo,2,1,-6.016,3.644,True
1U4G_HPI,B,1EZM_apo,2,2,-6.003,3.837,
1U4G_HPI,B,1EZM_apo,2,3,-5.98,3.883,
1U4G_HPI,B,1EZM_apo,2,4,-5.971,4.036,
1U4G_HPI,B,1EZM_apo,2,5,-5.939,4.026,
1U4G_HPI,B,1EZM_apo,2,6,-5.927,4.023,
1U4G_HPI,B,1EZM_apo,2,7,-5.898,3.783,
1U4G_HPI,B,1EZM_apo,2,8,-5.824,3.669,
1U4G_HPI,B,1EZM_apo,2,9,-5.822,3.759,
1U4G_HPI,B,1EZM_apo,2,10,-5.758,3.793,
1U4G_HPI,B,1EZM_apo,2,11,-5.719,4.157,
1U4G_HPI,B,1EZM_apo,2,12,-5.712,3.85,
1U4G_HPI,B,1EZM_apo,2,13,-5.647,3.736,
1U4G_HPI,B,1EZM_apo,2,14,-5.593,3.659,
1U4G_HPI,B,1EZM_apo,2,15,-5.468,3.717,
1U4G_HPI,B,1EZM_apo,2,16,-5.345,4.29,
1U4G_HPI,B,1EZM_apo,2,17,-5.329,3.314,
1U4G_HPI,B,1EZM_apo,2,18,-5.283,3.305,
1U4G_HPI,B,1EZM_apo,2,19,-5.166,3.935,
1U4G_HPI,B,1EZM_apo,2,20,-5.16,3.917,
3DBK_RDF,A,beta0.0,1,1,-8.439,3.296,True
3DBK_RDF,A,beta0.0,1,2,-8.196,1.79,
3DBK_RDF,A,beta0.0,1,3,-8.17,2.726,
3DBK_RDF,A,beta0.0,1,4,-8.091,2.182,
3DBK_RDF,A,beta0.0,1,5,-8.056,2.907,
3DBK_RDF,A,beta0.0,1,6,-7.964,1.884,
3DBK_RDF,A,beta0.0,1,7,-7.886,3.339,
3DBK_RDF,A,beta0.0,1,8,-7.789,2.117,
3DBK_RDF,A,beta0.0,1,9,-7.775,1.652,
3DBK_RDF,A,beta0.0,1,10,-7.742,2.518,
3DBK_RDF,A,beta0.0,1,11,-7.732,3.272,
3DBK_RDF,A,beta0.0,1,12,-7.73,2.793,
3DBK_RDF,A,beta0.0,1,13,-7.57,2.667,
3DBK_RDF,A,beta0.0,1,14,-7.562,2.621,
3DBK_RDF,A,beta0.0,1,15,-7.554,2.21,
3DBK_RDF,A,beta0.0,1,16,-7.493,2.64,
3DBK_RDF,A,beta0.0,1,17,-7.492,2.728,
3DBK_RDF,A,beta0.0,1,18,-7.476,3.395,
3DBK_RDF,A,beta0.0,1,19,-7.435,2.896,
3DBK_RDF,A,beta0.0,1,20,-7.403,3.005,
3DBK_RDF,A,beta3.2,2,1,-8.478,2.463,True
3DBK_RDF,A,beta3.2,2,2,-8.449,3.588,
3DBK_RDF,A,beta3.2,2,3,-8.438,2.738,
3DBK_RDF,A,beta3.2,2,4,-8.325,2.504,
3DBK_RDF,A,beta3.2,2,5,-8.265,3.153,
3DBK_RDF,A,beta3.2,2,6,-8.217,1.978,
3DBK_RDF,A,beta3.2,2,7,-8.198,3.229,
3DBK_RDF,A,beta3.2,2,8,-8.189,3.266,
3DBK_RDF,A,beta3.2,2,9,-8.114,3.26,
3DBK_RDF,A,beta3.2,2,10,-8.103,2.353,
3DBK_RDF,A,beta3.2,2,11,-8.032,2.812,
3DBK_RDF,A,beta3.2,2,12,-8.01,3.593,
3DBK_RDF,A,beta3.2,2,13,-7.949,2.271,
3DBK_RDF,A,beta3.2,2,14,-7.944,2.571,
3DBK_RDF,A,beta3.2,2,15,-7.86,3.346,
3DBK_RDF,A,beta3.2,2,16,-7.845,2.748,
3DBK_RDF,A,beta3.2,2,17,-7.82,2.948,
3DBK_RDF,A,beta3.2,2,18,-7.646,3.559,
3DBK_RDF,A,beta3.2,2,19,-7.566,3.649,
3DBK_RDF,A,beta3.2,2,20,-7.561,3.139,
3DBK_RDF,B,1EZM_apo,1,1,-6.857,3.723,True
3DBK_RDF,B,1EZM_apo,1,2,-6.816,3.645,
3DBK_RDF,B,1EZM_apo,1,3,-6.717,2.929,
3DBK_RDF,B,1EZM_apo,1,4,-6.712,3.121,
3DBK_RDF,B,1EZM_apo,1,5,-6.701,2.937,
3DBK_RDF,B,1EZM_apo,1,6,-6.644,3.11,
3DBK_RDF,B,1EZM_apo,1,7,-6.565,2.86,
3DBK_RDF,B,1EZM_apo,1,8,-6.56,3.387,
3DBK_RDF,B,1EZM_apo,1,9,-6.505,2.128,
3DBK_RDF,B,1EZM_apo,1,10,-6.498,3.256,
3DBK_RDF,B,1EZM_apo,1,11,-6.497,3.702,
3DBK_RDF,B,1EZM_apo,1,12,-6.49,3.168,
3DBK_RDF,B,1EZM_apo,1,13,-6.468,3.145,
3DBK_RDF,B,1EZM_apo,1,14,-6.394,3.73,
3DBK_RDF,B,1EZM_apo,1,15,-6.345,3.017,
3DBK_RDF,B,1EZM_apo,1,16,-6.311,3.26,
3DBK_RDF,B,1EZM_apo,1,17,-6.306,3.824,
3DBK_RDF,B,1EZM_apo,1,18,-6.28,2.794,
3DBK_RDF,B,1EZM_apo,1,19,-6.27,3.379,
3DBK_RDF,B,1EZM_apo,1,20,-6.187,2.995,
3DBK_RDF,B,1EZM_apo,2,1,-6.853,3.736,True
3DBK_RDF,B,1EZM_apo,2,2,-6.797,2.982,
3DBK_RDF,B,1EZM_apo,2,3,-6.768,3.672,
3DBK_RDF,B,1EZM_apo,2,4,-6.744,3.443,
3DBK_RDF,B,1EZM_apo,2,5,-6.74,3.108,
3DBK_RDF,B,1EZM_apo,2,6,-6.733,2.685,
3DBK_RDF,B,1EZM_apo,2,7,-6.658,2.548,
3DBK_RDF,B,1EZM_apo,2,8,-6.552,3.16,
3DBK_RDF,B,1EZM_apo,2,9,-6.497,3.713,
3DBK_RDF,B,1EZM_apo,2,10,-6.448,3.69,
3DBK_RDF,B,1EZM_apo,2,11,-6.389,3.463,
3DBK_RDF,B,1EZM_apo,2,12,-6.348,3.769,
3DBK_RDF,B,1EZM_apo,2,13,-6.335,3.676,
3DBK_RDF,B,1EZM_apo,2,14,-6.285,3.391,
3DBK_RDF,B,1EZM_apo,2,15,-6.261,3.015,
3DBK_RDF,B,1EZM_apo,2,16,-6.22,2.911,
3DBK_RDF,B,1EZM_apo,2,17,-6.207,2.035,
3DBK_RDF,B,1EZM_apo,2,18,-6.206,3.178,
3DBK_RDF,B,1EZM_apo,2,19,-6.182,2.257,
3DBK_RDF,B,1EZM_apo,2,20,-6.176,3.421,
6F8B_CXH,A,beta0.0,1,1,-5.275,1.192,True
6F8B_CXH,A,beta0.0,1,2,-5.272,1.156,
6F8B_CXH,A,beta0.0,1,3,-5.253,1.201,
6F8B_CXH,A,beta0.0,1,4,-5.207,0.464,
6F8B_CXH,A,beta0.0,1,5,-5.141,0.48,
6F8B_CXH,A,beta0.0,1,6,-5.069,0.815,
6F8B_CXH,A,beta0.0,1,7,-5.023,0.941,
6F8B_CXH,A,beta0.0,1,8,-5.014,1.167,
6F8B_CXH,A,beta0.0,1,9,-4.896,0.813,
6F8B_CXH,A,beta0.0,1,10,-4.86,1.037,
6F8B_CXH,A,beta0.0,1,11,-4.795,0.886,
6F8B_CXH,A,beta0.0,1,12,-4.705,0.932,
6F8B_CXH,A,beta0.0,1,13,-4.643,0.98,
6F8B_CXH,A,beta0.0,1,14,-4.612,0.914,
6F8B_CXH,A,beta0.0,1,15,-4.607,0.942,
6F8B_CXH,A,beta0.0,1,16,-4.526,0.613,
6F8B_CXH,A,beta0.0,1,17,-4.488,0.943,
6F8B_CXH,A,beta0.0,1,18,-4.451,0.895,
6F8B_CXH,A,beta0.0,1,19,-4.262,0.981,
6F8B_CXH,A,beta0.0,1,20,-4.259,0.933,
6F8B_CXH,A,beta3.2,2,1,-5.7,0.872,True
6F8B_CXH,A,beta3.2,2,2,-5.488,0.928,
6F8B_CXH,A,beta3.2,2,3,-5.247,1.105,
6F8B_CXH,A,beta3.2,2,4,-4.908,0.765,
6F8B_CXH,A,beta3.2,2,5,-4.904,0.888,
6F8B_CXH,A,beta3.2,2,6,-4.899,0.597,
6F8B_CXH,A,beta3.2,2,7,-4.795,1.14,
6F8B_CXH,A,beta3.2,2,8,-4.794,0.805,
6F8B_CXH,A,beta3.2,2,9,-4.755,0.661,
6F8B_CXH,A,beta3.2,2,10,-4.607,0.951,
6F8B_CXH,A,beta3.2,2,11,-4.58,0.855,
6F8B_CXH,A,beta3.2,2,12,-4.529,1.212,
6F8B_CXH,A,beta3.2,2,13,-4.512,1.135,
6F8B_CXH,A,beta3.2,2,14,-4.365,0.668,
6F8B_CXH,A,beta3.2,2,15,-4.337,1.101,
6F8B_CXH,A,beta3.2,2,16,-4.249,0.803,
6F8B_CXH,A,beta3.2,2,17,-4.246,1.163,
6F8B_CXH,A,beta3.2,2,18,-4.18,0.955,
6F8B_CXH,A,beta3.2,2,19,-4.095,0.488,
6F8B_CXH,A,beta3.2,2,20,-4.054,0.406,
6F8B_CXH,B,1EZM_apo,1,1,-4.177,0.837,True
6F8B_CXH,B,1EZM_apo,1,2,-4.123,1.164,
6F8B_CXH,B,1EZM_apo,1,3,-4.028,0.561,
6F8B_CXH,B,1EZM_apo,1,4,-3.941,0.933,
6F8B_CXH,B,1EZM_apo,1,5,-3.873,0.919,
6F8B_CXH,B,1EZM_apo,1,6,-3.861,1.197,
6F8B_CXH,B,1EZM_apo,1,7,-3.837,0.542,
6F8B_CXH,B,1EZM_apo,1,8,-3.837,1.129,
6F8B_CXH,B,1EZM_apo,1,9,-3.809,1.22,
6F8B_CXH,B,1EZM_apo,1,10,-3.789,0.945,
6F8B_CXH,B,1EZM_apo,1,11,-3.68,0.402,
6F8B_CXH,B,1EZM_apo,1,12,-3.646,0.917,
6F8B_CXH,B,1EZM_apo,1,13,-3.569,1.224,
6F8B_CXH,B,1EZM_apo,1,14,-3.551,1.198,
6F8B_CXH,B,1EZM_apo,1,15,-3.54,0.495,
6F8B_CXH,B,1EZM_apo,1,16,-3.533,1.18,
6F8B_CXH,B,1EZM_apo,1,17,-3.52,0.911,
6F8B_CXH,B,1EZM_apo,1,18,-3.518,1.155,
6F8B_CXH,B,1EZM_apo,1,19,-3.472,0.745,
6F8B_CXH,B,1EZM_apo,1,20,-3.408,0.87,
6F8B_CXH,B,1EZM_apo,2,1,-4.173,0.837,True
6F8B_CXH,B,1EZM_apo,2,2,-4.145,1.087,
6F8B_CXH,B,1EZM_apo,2,3,-4.087,0.696,
6F8B_CXH,B,1EZM_apo,2,4,-3.94,0.939,
6F8B_CXH,B,1EZM_apo,2,5,-3.889,0.97,
6F8B_CXH,B,1EZM_apo,2,6,-3.855,0.927,
6F8B_CXH,B,1EZM_apo,2,7,-3.85,1.137,
6F8B_CXH,B,1EZM_apo,2,8,-3.848,0.572,
6F8B_CXH,B,1EZM_apo,2,9,-3.804,1.217,
6F8B_CXH,B,1EZM_apo,2,10,-3.69,1.156,
6F8B_CXH,B,1EZM_apo,2,11,-3.631,0.865,
6F8B_CXH,B,1EZM_apo,2,12,-3.614,0.201,
6F8B_CXH,B,1EZM_apo,2,13,-3.591,0.914,
6F8B_CXH,B,1EZM_apo,2,14,-3.553,0.941,
6F8B_CXH,B,1EZM_apo,2,15,-3.529,0.93,
6F8B_CXH,B,1EZM_apo,2,16,-3.459,0.883,
6F8B_CXH,B,1EZM_apo,2,17,-3.42,1.181,
6F8B_CXH,B,1EZM_apo,2,18,-3.41,0.887,
6F8B_CXH,B,1EZM_apo,2,19,-3.398,1.116,
6F8B_CXH,B,1EZM_apo,2,20,-3.349,0.822,
6FZX_EEK,A,beta0.0,1,1,-7.222,1.322,True
6FZX_EEK,A,beta0.0,1,2,-7.003,0.509,
6FZX_EEK,A,beta0.0,1,3,-6.783,0.579,
6FZX_EEK,A,beta0.0,1,4,-6.766,1.556,
6FZX_EEK,A,beta0.0,1,5,-6.746,1.502,
6FZX_EEK,A,beta0.0,1,6,-6.546,0.78,
6FZX_EEK,A,beta0.0,1,7,-6.543,1.392,
6FZX_EEK,A,beta0.0,1,8,-6.366,1.21,
6FZX_EEK,A,beta0.0,1,9,-6.281,1.592,
6FZX_EEK,A,beta0.0,1,10,-6.115,1.202,
6FZX_EEK,A,beta0.0,1,11,-6.089,1.203,
6FZX_EEK,A,beta0.0,1,12,-6.01,1.712,
6FZX_EEK,A,beta0.0,1,13,-5.988,1.523,
6FZX_EEK,A,beta0.0,1,14,-5.837,0.569,
6FZX_EEK,A,beta0.0,1,15,-5.758,1.16,
6FZX_EEK,A,beta0.0,1,16,-5.623,0.903,
6FZX_EEK,A,beta0.0,1,17,-5.561,1.706,
6FZX_EEK,A,beta0.0,1,18,-5.558,1.432,
6FZX_EEK,A,beta0.0,1,19,-5.495,1.138,
6FZX_EEK,A,beta0.0,1,20,-5.491,1.425,
6FZX_EEK,A,beta3.2,2,1,-7.207,1.472,True
6FZX_EEK,A,beta3.2,2,2,-7.195,0.946,
6FZX_EEK,A,beta3.2,2,3,-6.836,1.36,
6FZX_EEK,A,beta3.2,2,4,-6.631,0.996,
6FZX_EEK,A,beta3.2,2,5,-6.472,1.192,
6FZX_EEK,A,beta3.2,2,6,-6.429,1.542,
6FZX_EEK,A,beta3.2,2,7,-6.325,1.568,
6FZX_EEK,A,beta3.2,2,8,-6.298,1.105,
6FZX_EEK,A,beta3.2,2,9,-6.147,1.197,
6FZX_EEK,A,beta3.2,2,10,-6.032,0.946,
6FZX_EEK,A,beta3.2,2,11,-5.879,1.107,
6FZX_EEK,A,beta3.2,2,12,-5.829,1.257,
6FZX_EEK,A,beta3.2,2,13,-5.807,1.18,
6FZX_EEK,A,beta3.2,2,14,-5.706,1.602,
6FZX_EEK,A,beta3.2,2,15,-5.624,1.473,
6FZX_EEK,A,beta3.2,2,16,-5.575,0.823,
6FZX_EEK,A,beta3.2,2,17,-5.507,0.991,
6FZX_EEK,A,beta3.2,2,18,-5.397,0.816,
6FZX_EEK,A,beta3.2,2,19,-5.393,0.944,
6FZX_EEK,A,beta3.2,2,20,-5.377,1.497,
6FZX_EEK,B,1EZM_apo,1,1,-6.301,0.984,True
6FZX_EEK,B,1EZM_apo,1,2,-6.063,1.533,
6FZX_EEK,B,1EZM_apo,1,3,-6.055,1.258,
6FZX_EEK,B,1EZM_apo,1,4,-5.842,0.892,
6FZX_EEK,B,1EZM_apo,1,5,-5.722,0.893,
6FZX_EEK,B,1EZM_apo,1,6,-5.549,1.228,
6FZX_EEK,B,1EZM_apo,1,7,-5.509,1.124,
6FZX_EEK,B,1EZM_apo,1,8,-5.489,1.192,
6FZX_EEK,B,1EZM_apo,1,9,-5.387,1.412,
6FZX_EEK,B,1EZM_apo,1,10,-5.277,1.291,
6FZX_EEK,B,1EZM_apo,1,11,-5.246,1.415,
6FZX_EEK,B,1EZM_apo,1,12,-5.072,1.235,
6FZX_EEK,B,1EZM_apo,1,13,-5.068,1.517,
6FZX_EEK,B,1EZM_apo,1,14,-5.065,1.33,
6FZX_EEK,B,1EZM_apo,1,15,-5.01,1.07,
6FZX_EEK,B,1EZM_apo,1,16,-5.005,1.546,
6FZX_EEK,B,1EZM_apo,1,17,-4.902,1.039,
6FZX_EEK,B,1EZM_apo,1,18,-4.875,1.132,
6FZX_EEK,B,1EZM_apo,1,19,-4.874,1.561,
6FZX_EEK,B,1EZM_apo,1,20,-4.798,1.104,
6FZX_EEK,B,1EZM_apo,2,1,-6.277,0.993,True
6FZX_EEK,B,1EZM_apo,2,2,-5.982,1.529,
6FZX_EEK,B,1EZM_apo,2,3,-5.963,0.872,
6FZX_EEK,B,1EZM_apo,2,4,-5.638,1.706,
6FZX_EEK,B,1EZM_apo,2,5,-5.615,1.164,
6FZX_EEK,B,1EZM_apo,2,6,-5.546,1.199,
6FZX_EEK,B,1EZM_apo,2,7,-5.52,1.21,
6FZX_EEK,B,1EZM_apo,2,8,-5.475,1.259,
6FZX_EEK,B,1EZM_apo,2,9,-5.457,1.055,
6FZX_EEK,B,1EZM_apo,2,10,-5.431,1.409,
6FZX_EEK,B,1EZM_apo,2,11,-5.312,1.289,
6FZX_EEK,B,1EZM_apo,2,12,-5.17,1.085,
6FZX_EEK,B,1EZM_apo,2,13,-5.098,1.247,
6FZX_EEK,B,1EZM_apo,2,14,-5.032,1.531,
6FZX_EEK,B,1EZM_apo,2,15,-5.008,1.473,
6FZX_EEK,B,1EZM_apo,2,16,-4.936,0.794,
6FZX_EEK,B,1EZM_apo,2,17,-4.906,1.279,
6FZX_EEK,B,1EZM_apo,2,18,-4.903,1.535,
6FZX_EEK,B,1EZM_apo,2,19,-4.861,1.058,
6FZX_EEK,B,1EZM_apo,2,20,-4.842,1.388,
7QH1_CI8,A,beta0.0,1,1,-6.636,3.508,True
7QH1_CI8,A,beta0.0,1,2,-6.619,2.955,
7QH1_CI8,A,beta0.0,1,3,-6.536,2.952,
7QH1_CI8,A,beta0.0,1,4,-6.527,2.898,
7QH1_CI8,A,beta0.0,1,5,-6.498,3.284,
7QH1_CI8,A,beta0.0,1,6,-6.475,4.334,
7QH1_CI8,A,beta0.0,1,7,-6.398,4.597,
7QH1_CI8,A,beta0.0,1,8,-6.37,3.437,
7QH1_CI8,A,beta0.0,1,9,-6.225,4.604,
7QH1_CI8,A,beta0.0,1,10,-6.198,3.26,
7QH1_CI8,A,beta0.0,1,11,-6.186,3.941,
7QH1_CI8,A,beta0.0,1,12,-6.154,3.306,
7QH1_CI8,A,beta0.0,1,13,-6.124,3.371,
7QH1_CI8,A,beta0.0,1,14,-6.081,1.595,
7QH1_CI8,A,beta0.0,1,15,-6.036,3.963,
7QH1_CI8,A,beta0.0,1,16,-5.953,2.76,
7QH1_CI8,A,beta0.0,1,17,-5.944,2.717,
7QH1_CI8,A,beta0.0,1,18,-5.925,2.717,
7QH1_CI8,A,beta0.0,1,19,-5.921,4.15,
7QH1_CI8,A,beta0.0,1,20,-5.828,1.971,
7QH1_CI8,A,beta3.2,2,1,-7.388,1.486,True
7QH1_CI8,A,beta3.2,2,2,-7.296,1.622,
7QH1_CI8,A,beta3.2,2,3,-7.067,2.688,
7QH1_CI8,A,beta3.2,2,4,-6.935,3.821,
7QH1_CI8,A,beta3.2,2,5,-6.831,2.385,
7QH1_CI8,A,beta3.2,2,6,-6.73,2.559,
7QH1_CI8,A,beta3.2,2,7,-6.68,2.38,
7QH1_CI8,A,beta3.2,2,8,-6.615,4.04,
7QH1_CI8,A,beta3.2,2,9,-6.542,3.034,
7QH1_CI8,A,beta3.2,2,10,-6.484,2.629,
7QH1_CI8,A,beta3.2,2,11,-6.405,3.112,
7QH1_CI8,A,beta3.2,2,12,-6.347,3.068,
7QH1_CI8,A,beta3.2,2,13,-6.319,2.734,
7QH1_CI8,A,beta3.2,2,14,-6.243,4.202,
7QH1_CI8,A,beta3.2,2,15,-6.21,2.274,
7QH1_CI8,A,beta3.2,2,16,-6.191,4.703,
7QH1_CI8,A,beta3.2,2,17,-6.185,3.177,
7QH1_CI8,A,beta3.2,2,18,-6.031,3.317,
7QH1_CI8,A,beta3.2,2,19,-5.98,4.458,
7QH1_CI8,A,beta3.2,2,20,-5.976,3.114,
7QH1_CI8,B,1EZM_apo,1,1,-6.108,3.047,True
7QH1_CI8,B,1EZM_apo,1,2,-6.091,3.908,
7QH1_CI8,B,1EZM_apo,1,3,-6.002,2.214,
7QH1_CI8,B,1EZM_apo,1,4,-5.9,3.193,
7QH1_CI8,B,1EZM_apo,1,5,-5.856,2.383,
7QH1_CI8,B,1EZM_apo,1,6,-5.834,4.091,
7QH1_CI8,B,1EZM_apo,1,7,-5.817,2.015,
7QH1_CI8,B,1EZM_apo,1,8,-5.767,3.991,
7QH1_CI8,B,1EZM_apo,1,9,-5.736,4.102,
7QH1_CI8,B,1EZM_apo,1,10,-5.714,3.064,
7QH1_CI8,B,1EZM_apo,1,11,-5.709,5.15,
7QH1_CI8,B,1EZM_apo,1,12,-5.637,2.019,
7QH1_CI8,B,1EZM_apo,1,13,-5.628,4.032,
7QH1_CI8,B,1EZM_apo,1,14,-5.616,3.334,
7QH1_CI8,B,1EZM_apo,1,15,-5.525,3.39,
7QH1_CI8,B,1EZM_apo,1,16,-5.491,3.301,
7QH1_CI8,B,1EZM_apo,1,17,-5.442,4.363,
7QH1_CI8,B,1EZM_apo,1,18,-5.432,3.389,
7QH1_CI8,B,1EZM_apo,1,19,-5.38,2.563,
7QH1_CI8,B,1EZM_apo,1,20,-5.361,3.581,
7QH1_CI8,B,1EZM_apo,2,1,-5.889,3.162,True
7QH1_CI8,B,1EZM_apo,2,2,-5.79,3.654,
7QH1_CI8,B,1EZM_apo,2,3,-5.77,2.999,
7QH1_CI8,B,1EZM_apo,2,4,-5.734,3.038,
7QH1_CI8,B,1EZM_apo,2,5,-5.723,4.083,
7QH1_CI8,B,1EZM_apo,2,6,-5.717,4.598,
7QH1_CI8,B,1EZM_apo,2,7,-5.678,2.286,
7QH1_CI8,B,1EZM_apo,2,8,-5.671,2.682,
7QH1_CI8,B,1EZM_apo,2,9,-5.65,2.121,
7QH1_CI8,B,1EZM_apo,2,10,-5.564,3.296,
7QH1_CI8,B,1EZM_apo,2,11,-5.557,4.69,
7QH1_CI8,B,1EZM_apo,2,12,-5.54,4.787,
7QH1_CI8,B,1EZM_apo,2,13,-5.492,3.239,
7QH1_CI8,B,1EZM_apo,2,14,-5.461,3.711,
7QH1_CI8,B,1EZM_apo,2,15,-5.45,4.326,
7QH1_CI8,B,1EZM_apo,2,16,-5.426,2.44,
7QH1_CI8,B,1EZM_apo,2,17,-5.422,1.922,
7QH1_CI8,B,1EZM_apo,2,18,-5.414,3.785,
7QH1_CI8,B,1EZM_apo,2,19,-5.401,4.828,
7QH1_CI8,B,1EZM_apo,2,20,-5.39,4.672,
8R1B_XI5,A,beta0.0,1,1,-7.505,1.207,True
8R1B_XI5,A,beta0.0,1,2,-7.238,1.325,
8R1B_XI5,A,beta0.0,1,3,-7.171,1.163,
8R1B_XI5,A,beta0.0,1,4,-7.123,1.83,
8R1B_XI5,A,beta0.0,1,5,-7.082,0.977,
8R1B_XI5,A,beta0.0,1,6,-7.039,1.826,
8R1B_XI5,A,beta0.0,1,7,-6.973,1.433,
8R1B_XI5,A,beta0.0,1,8,-6.969,1.851,
8R1B_XI5,A,beta0.0,1,9,-6.824,1.251,
8R1B_XI5,A,beta0.0,1,10,-6.756,2.325,
8R1B_XI5,A,beta0.0,1,11,-6.726,1.916,
8R1B_XI5,A,beta0.0,1,12,-6.577,1.416,
8R1B_XI5,A,beta0.0,1,13,-6.576,0.927,
8R1B_XI5,A,beta0.0,1,14,-6.324,1.25,
8R1B_XI5,A,beta0.0,1,15,-6.323,2.212,
8R1B_XI5,A,beta0.0,1,16,-6.32,0.882,
8R1B_XI5,A,beta0.0,1,17,-6.306,2.603,
8R1B_XI5,A,beta0.0,1,18,-6.303,1.184,
8R1B_XI5,A,beta0.0,1,19,-6.236,2.232,
8R1B_XI5,A,beta0.0,1,20,-6.147,2.328,
8R1B_XI5,A,beta3.2,2,1,-8.471,1.512,True
8R1B_XI5,A,beta3.2,2,2,-8.211,1.426,
8R1B_XI5,A,beta3.2,2,3,-8.179,1.925,
8R1B_XI5,A,beta3.2,2,4,-8.067,1.044,
8R1B_XI5,A,beta3.2,2,5,-7.851,1.337,
8R1B_XI5,A,beta3.2,2,6,-7.586,1.713,
8R1B_XI5,A,beta3.2,2,7,-7.549,2.045,
8R1B_XI5,A,beta3.2,2,8,-7.424,2.469,
8R1B_XI5,A,beta3.2,2,9,-7.423,1.229,
8R1B_XI5,A,beta3.2,2,10,-7.396,1.227,
8R1B_XI5,A,beta3.2,2,11,-7.294,2.62,
8R1B_XI5,A,beta3.2,2,12,-7.292,0.787,
8R1B_XI5,A,beta3.2,2,13,-7.252,1.881,
8R1B_XI5,A,beta3.2,2,14,-7.135,1.168,
8R1B_XI5,A,beta3.2,2,15,-7.091,1.409,
8R1B_XI5,A,beta3.2,2,16,-7.039,1.631,
8R1B_XI5,A,beta3.2,2,17,-7.03,1.931,
8R1B_XI5,A,beta3.2,2,18,-6.866,0.632,
8R1B_XI5,A,beta3.2,2,19,-6.768,1.987,
8R1B_XI5,A,beta3.2,2,20,-6.741,2.59,
8R1B_XI5,B,1EZM_apo,1,1,-6.111,2.388,True
8R1B_XI5,B,1EZM_apo,1,2,-5.907,1.411,
8R1B_XI5,B,1EZM_apo,1,3,-5.794,1.542,
8R1B_XI5,B,1EZM_apo,1,4,-5.671,2.593,
8R1B_XI5,B,1EZM_apo,1,5,-5.657,2.563,
8R1B_XI5,B,1EZM_apo,1,6,-5.603,1.455,
8R1B_XI5,B,1EZM_apo,1,7,-5.6,1.046,
8R1B_XI5,B,1EZM_apo,1,8,-5.495,1.315,
8R1B_XI5,B,1EZM_apo,1,9,-5.492,1.001,
8R1B_XI5,B,1EZM_apo,1,10,-5.446,1.118,
8R1B_XI5,B,1EZM_apo,1,11,-5.441,2.616,
8R1B_XI5,B,1EZM_apo,1,12,-5.433,2.509,
8R1B_XI5,B,1EZM_apo,1,13,-5.396,1.697,
8R1B_XI5,B,1EZM_apo,1,14,-5.371,2.501,
8R1B_XI5,B,1EZM_apo,1,15,-5.35,1.841,
8R1B_XI5,B,1EZM_apo,1,16,-5.121,1.125,
8R1B_XI5,B,1EZM_apo,1,17,-5.091,1.475,
8R1B_XI5,B,1EZM_apo,1,18,-5.058,1.923,
8R1B_XI5,B,1EZM_apo,1,19,-5.012,1.149,
8R1B_XI5,B,1EZM_apo,1,20,-4.994,2.655,
8R1B_XI5,B,1EZM_apo,2,1,-6.128,2.37,True
8R1B_XI5,B,1EZM_apo,2,2,-5.903,1.439,
8R1B_XI5,B,1EZM_apo,2,3,-5.836,1.46,
8R1B_XI5,B,1EZM_apo,2,4,-5.712,0.971,
8R1B_XI5,B,1EZM_apo,2,5,-5.688,2.612,
8R1B_XI5,B,1EZM_apo,2,6,-5.682,1.475,
8R1B_XI5,B,1EZM_apo,2,7,-5.57,1.133,
8R1B_XI5,B,1EZM_apo,2,8,-5.431,1.804,
8R1B_XI5,B,1EZM_apo,2,9,-5.414,2.493,
8R1B_XI5,B,1EZM_apo,2,10,-5.365,1.748,
8R1B_XI5,B,1EZM_apo,2,11,-5.313,2.354,
8R1B_XI5,B,1EZM_apo,2,12,-5.3,1.352,
8R1B_XI5,B,1EZM_apo,2,13,-5.282,1.607,
8R1B_XI5,B,1EZM_apo,2,14,-5.28,2.505,
8R1B_XI5,B,1EZM_apo,2,15,-5.204,1.187,
8R1B_XI5,B,1EZM_apo,2,16,-5.192,1.99,
8R1B_XI5,B,1EZM_apo,2,17,-5.142,1.957,
8R1B_XI5,B,1EZM_apo,2,18,-5.141,1.829,
8R1B_XI5,B,1EZM_apo,2,19,-5.084,1.331,
8R1B_XI5,B,1EZM_apo,2,20,-5.056,2.562,
8CC4_U7F,A,beta0.0,1,1,-7.526,1.236,True
8CC4_U7F,A,beta0.0,1,2,-7.514,1.166,
8CC4_U7F,A,beta0.0,1,3,-7.384,1.164,
8CC4_U7F,A,beta0.0,1,4,-7.239,0.573,
8CC4_U7F,A,beta0.0,1,5,-7.034,0.9,
8CC4_U7F,A,beta0.0,1,6,-6.917,1.008,
8CC4_U7F,A,beta0.0,1,7,-6.872,0.858,
8CC4_U7F,A,beta0.0,1,8,-6.842,1.01,
8CC4_U7F,A,beta0.0,1,9,-6.649,0.799,
8CC4_U7F,A,beta0.0,1,10,-6.619,1.125,
8CC4_U7F,A,beta0.0,1,11,-6.413,0.897,
8CC4_U7F,A,beta0.0,1,12,-6.381,0.858,
8CC4_U7F,A,beta0.0,1,13,-6.377,0.926,
8CC4_U7F,A,beta0.0,1,14,-6.315,0.994,
8CC4_U7F,A,beta0.0,1,15,-6.223,0.87,
8CC4_U7F,A,beta0.0,1,16,-6.194,0.847,
8CC4_U7F,A,beta0.0,1,17,-6.134,1.186,
8CC4_U7F,A,beta0.0,1,18,-6.04,0.919,
8CC4_U7F,A,beta0.0,1,19,-6.032,1.192,
8CC4_U7F,A,beta3.2,2,1,-7.496,1.324,True
8CC4_U7F,A,beta3.2,2,2,-7.266,0.915,
8CC4_U7F,A,beta3.2,2,3,-7.068,0.892,
8CC4_U7F,A,beta3.2,2,4,-7.002,0.953,
8CC4_U7F,A,beta3.2,2,5,-6.941,1.228,
8CC4_U7F,A,beta3.2,2,6,-6.882,0.742,
8CC4_U7F,A,beta3.2,2,7,-6.783,0.719,
8CC4_U7F,A,beta3.2,2,8,-6.637,0.73,
8CC4_U7F,A,beta3.2,2,9,-6.614,0.6,
8CC4_U7F,A,beta3.2,2,10,-6.375,0.962,
8CC4_U7F,A,beta3.2,2,11,-6.373,1.005,
8CC4_U7F,A,beta3.2,2,12,-6.258,0.938,
8CC4_U7F,A,beta3.2,2,13,-6.237,1.034,
8CC4_U7F,A,beta3.2,2,14,-6.136,1.173,
8CC4_U7F,A,beta3.2,2,15,-6.12,1.242,
8CC4_U7F,A,beta3.2,2,16,-6.066,1.216,
8CC4_U7F,A,beta3.2,2,17,-5.882,0.963,
8CC4_U7F,A,beta3.2,2,18,-5.874,0.956,
8CC4_U7F,A,beta3.2,2,19,-5.799,0.876,
8CC4_U7F,A,beta3.2,2,20,-5.729,1.067,
8CC4_U7F,B,1EZM_apo,1,1,-5.887,0.933,True
8CC4_U7F,B,1EZM_apo,1,2,-5.803,1.249,
8CC4_U7F,B,1EZM_apo,1,3,-5.753,1.151,
8CC4_U7F,B,1EZM_apo,1,4,-5.644,0.963,
8CC4_U7F,B,1EZM_apo,1,5,-5.523,0.967,
8CC4_U7F,B,1EZM_apo,1,6,-5.363,0.79,
8CC4_U7F,B,1EZM_apo,1,7,-5.298,0.829,
8CC4_U7F,B,1EZM_apo,1,8,-5.245,0.813,
8CC4_U7F,B,1EZM_apo,1,9,-5.23,1.15,
8CC4_U7F,B,1EZM_apo,1,10,-5.203,0.883,
8CC4_U7F,B,1EZM_apo,1,11,-5.188,1.339,
8CC4_U7F,B,1EZM_apo,1,12,-5.148,0.821,
8CC4_U7F,B,1EZM_apo,1,13,-5.148,1.047,
8CC4_U7F,B,1EZM_apo,1,14,-5.122,0.985,
8CC4_U7F,B,1EZM_apo,1,15,-5.118,1.344,
8CC4_U7F,B,1EZM_apo,1,16,-5.093,0.928,
8CC4_U7F,B,1EZM_apo,1,17,-5.049,0.945,
8CC4_U7F,B,1EZM_apo,1,18,-5.02,1.172,
8CC4_U7F,B,1EZM_apo,1,19,-4.95,1.326,
8CC4_U7F,B,1EZM_apo,1,20,-4.902,1.242,
8CC4_U7F,B,1EZM_apo,2,1,-5.835,0.951,True
8CC4_U7F,B,1EZM_apo,2,2,-5.762,0.986,
8CC4_U7F,B,1EZM_apo,2,3,-5.517,0.816,
8CC4_U7F,B,1EZM_apo,2,4,-5.45,1.148,
8CC4_U7F,B,1EZM_apo,2,5,-5.44,0.978,
8CC4_U7F,B,1EZM_apo,2,6,-5.428,1.07,
8CC4_U7F,B,1EZM_apo,2,7,-5.297,0.752,
8CC4_U7F,B,1EZM_apo,2,8,-5.294,0.888,
8CC4_U7F,B,1EZM_apo,2,9,-5.291,1.19,
8CC4_U7F,B,1EZM_apo,2,10,-5.264,1.184,
8CC4_U7F,B,1EZM_apo,2,11,-5.235,1.234,
8CC4_U7F,B,1EZM_apo,2,12,-5.233,1.236,
8CC4_U7F,B,1EZM_apo,2,13,-5.213,1.152,
8CC4_U7F,B,1EZM_apo,2,14,-5.198,1.248,
8CC4_U7F,B,1EZM_apo,2,15,-5.099,1.236,
8CC4_U7F,B,1EZM_apo,2,16,-5.059,1.109,
8CC4_U7F,B,1EZM_apo,2,17,-5.01,1.068,
8CC4_U7F,B,1EZM_apo,2,18,-4.979,0.571,
8CC4_U7F,B,1EZM_apo,2,19,-4.979,0.993,
8CC4_U7F,B,1EZM_apo,2,20,-4.819,0.869,
9FQD_A1IEX,A,beta0.0,1,1,-7.776,1.975,True
9FQD_A1IEX,A,beta0.0,1,2,-7.232,1.718,
9FQD_A1IEX,A,beta0.0,1,3,-7.198,2.221,
9FQD_A1IEX,A,beta0.0,1,4,-7.187,1.782,
9FQD_A1IEX,A,beta0.0,1,5,-7.141,1.666,
9FQD_A1IEX,A,beta0.0,1,6,-7.047,1.701,
9FQD_A1IEX,A,beta0.0,1,7,-6.942,1.613,
9FQD_A1IEX,A,beta0.0,1,8,-6.936,2.507,
9FQD_A1IEX,A,beta0.0,1,9,-6.828,2.365,
9FQD_A1IEX,A,beta0.0,1,10,-6.763,1.335,
9FQD_A1IEX,A,beta0.0,1,11,-6.638,1.904,
9FQD_A1IEX,A,beta0.0,1,12,-6.632,1.908,
9FQD_A1IEX,A,beta0.0,1,13,-6.541,1.208,
9FQD_A1IEX,A,beta0.0,1,14,-6.478,2.715,
9FQD_A1IEX,A,beta0.0,1,15,-6.465,1.515,
9FQD_A1IEX,A,beta0.0,1,16,-6.416,2.764,
9FQD_A1IEX,A,beta0.0,1,17,-6.407,1.404,
9FQD_A1IEX,A,beta0.0,1,18,-6.388,2.633,
9FQD_A1IEX,A,beta0.0,1,19,-6.261,1.145,
9FQD_A1IEX,A,beta0.0,1,20,-6.218,1.891,
9FQD_A1IEX,A,beta3.2,2,1,-7.192,1.728,True
9FQD_A1IEX,A,beta3.2,2,2,-7.036,1.93,
9FQD_A1IEX,A,beta3.2,2,3,-6.985,1.69,
9FQD_A1IEX,A,beta3.2,2,4,-6.936,2.604,
9FQD_A1IEX,A,beta3.2,2,5,-6.928,1.779,
9FQD_A1IEX,A,beta3.2,2,6,-6.886,1.798,
9FQD_A1IEX,A,beta3.2,2,7,-6.826,2.938,
9FQD_A1IEX,A,beta3.2,2,8,-6.734,2.178,
9FQD_A1IEX,A,beta3.2,2,9,-6.65,2.36,
9FQD_A1IEX,A,beta3.2,2,10,-6.427,1.428,
9FQD_A1IEX,A,beta3.2,2,11,-6.337,2.95,
9FQD_A1IEX,A,beta3.2,2,12,-6.318,2.616,
9FQD_A1IEX,A,beta3.2,2,13,-6.244,2.596,
9FQD_A1IEX,A,beta3.2,2,14,-6.238,1.731,
9FQD_A1IEX,A,beta3.2,2,15,-6.22,2.039,
9FQD_A1IEX,A,beta3.2,2,16,-6.092,2.644,
9FQD_A1IEX,A,beta3.2,2,17,-6.0,2.623,
9FQD_A1IEX,A,beta3.2,2,18,-5.92,1.294,
9FQD_A1IEX,A,beta3.2,2,19,-5.92,2.215,
9FQD_A1IEX,A,beta3.2,2,20,-5.8,2.438,
9FQD_A1IEX,B,1EZM_apo,1,1,-5.795,1.984,True
9FQD_A1IEX,B,1EZM_apo,1,2,-5.776,1.92,
9FQD_A1IEX,B,1EZM_apo,1,3,-5.73,2.837,
9FQD_A1IEX,B,1EZM_apo,1,4,-5.529,2.624,
9FQD_A1IEX,B,1EZM_apo,1,5,-5.459,1.639,
9FQD_A1IEX,B,1EZM_apo,1,6,-5.45,1.401,
9FQD_A1IEX,B,1EZM_apo,1,7,-5.413,2.657,
9FQD_A1IEX,B,1EZM_apo,1,8,-5.378,1.497,
9FQD_A1IEX,B,1EZM_apo,1,9,-5.37,1.624,
9FQD_A1IEX,B,1EZM_apo,1,10,-5.319,2.81,
9FQD_A1IEX,B,1EZM_apo,1,11,-5.228,2.182,
9FQD_A1IEX,B,1EZM_apo,1,12,-5.215,2.738,
9FQD_A1IEX,B,1EZM_apo,1,13,-5.193,2.234,
9FQD_A1IEX,B,1EZM_apo,1,14,-5.179,1.889,
9FQD_A1IEX,B,1EZM_apo,1,15,-5.104,2.483,
9FQD_A1IEX,B,1EZM_apo,1,16,-5.093,2.554,
9FQD_A1IEX,B,1EZM_apo,1,17,-5.066,0.983,
9FQD_A1IEX,B,1EZM_apo,1,18,-5.055,1.858,
9FQD_A1IEX,B,1EZM_apo,1,19,-5.028,1.449,
9FQD_A1IEX,B,1EZM_apo,1,20,-4.968,2.273,
9FQD_A1IEX,B,1EZM_apo,2,1,-5.926,1.935,True
9FQD_A1IEX,B,1EZM_apo,2,2,-5.923,2.836,
9FQD_A1IEX,B,1EZM_apo,2,3,-5.921,1.978,
9FQD_A1IEX,B,1EZM_apo,2,4,-5.658,2.654,
9FQD_A1IEX,B,1EZM_apo,2,5,-5.578,1.544,
9FQD_A1IEX,B,1EZM_apo,2,6,-5.533,2.431,
9FQD_A1IEX,B,1EZM_apo,2,7,-5.516,1.861,
9FQD_A1IEX,B,1EZM_apo,2,8,-5.495,2.755,
9FQD_A1IEX,B,1EZM_apo,2,9,-5.437,2.312,
9FQD_A1IEX,B,1EZM_apo,2,10,-5.419,1.77,
9FQD_A1IEX,B,1EZM_apo,2,11,-5.39,1.853,
9FQD_A1IEX,B,1EZM_apo,2,12,-5.383,2.648,
9FQD_A1IEX,B,1EZM_apo,2,13,-5.337,1.267,
9FQD_A1IEX,B,1EZM_apo,2,14,-5.295,1.682,
9FQD_A1IEX,B,1EZM_apo,2,15,-5.179,2.533,
9FQD_A1IEX,B,1EZM_apo,2,16,-5.152,2.445,
9FQD_A1IEX,B,1EZM_apo,2,17,-5.132,2.58,
9FQD_A1IEX,B,1EZM_apo,2,18,-5.125,1.975,
9FQD_A1IEX,B,1EZM_apo,2,19,-5.113,1.352,
9FQD_A1IEX,B,1EZM_apo,2,20,-5.105,2.451,
9FQE_A1IEU,A,beta0.0,1,1,-7.455,2.409,True
9FQE_A1IEU,A,beta0.0,1,2,-7.337,2.678,
9FQE_A1IEU,A,beta0.0,1,3,-7.335,2.72,
9FQE_A1IEU,A,beta0.0,1,4,-7.255,2.348,
9FQE_A1IEU,A,beta0.0,1,5,-7.212,3.234,
9FQE_A1IEU,A,beta0.0,1,6,-7.184,2.029,
9FQE_A1IEU,A,beta0.0,1,7,-7.17,2.558,
9FQE_A1IEU,A,beta0.0,1,8,-7.081,2.002,
9FQE_A1IEU,A,beta0.0,1,9,-6.974,2.852,
9FQE_A1IEU,A,beta0.0,1,10,-6.959,1.753,
9FQE_A1IEU,A,beta0.0,1,11,-6.874,1.946,
9FQE_A1IEU,A,beta0.0,1,12,-6.831,2.258,
9FQE_A1IEU,A,beta0.0,1,13,-6.821,2.633,
9FQE_A1IEU,A,beta0.0,1,14,-6.82,2.407,
9FQE_A1IEU,A,beta0.0,1,15,-6.719,1.488,
9FQE_A1IEU,A,beta0.0,1,16,-6.697,2.546,
9FQE_A1IEU,A,beta0.0,1,17,-6.648,2.881,
9FQE_A1IEU,A,beta0.0,1,18,-6.589,3.011,
9FQE_A1IEU,A,beta0.0,1,19,-6.548,3.235,
9FQE_A1IEU,A,beta0.0,1,20,-6.393,2.607,
9FQE_A1IEU,A,beta3.2,2,1,-7.787,2.977,True
9FQE_A1IEU,A,beta3.2,2,2,-7.568,2.154,
9FQE_A1IEU,A,beta3.2,2,3,-7.367,2.588,
9FQE_A1IEU,A,beta3.2,2,4,-7.321,2.42,
9FQE_A1IEU,A,beta3.2,2,5,-7.225,2.325,
9FQE_A1IEU,A,beta3.2,2,6,-7.213,2.589,
9FQE_A1IEU,A,beta3.2,2,7,-7.114,1.678,
9FQE_A1IEU,A,beta3.2,2,8,-7.11,2.43,
9FQE_A1IEU,A,beta3.2,2,9,-7.099,2.036,
9FQE_A1IEU,A,beta3.2,2,10,-7.02,2.614,
9FQE_A1IEU,A,beta3.2,2,11,-6.997,2.555,
9FQE_A1IEU,A,beta3.2,2,12,-6.968,2.342,
9FQE_A1IEU,A,beta3.2,2,13,-6.943,2.725,
9FQE_A1IEU,A,beta3.2,2,14,-6.841,2.144,
9FQE_A1IEU,A,beta3.2,2,15,-6.822,2.74,
9FQE_A1IEU,A,beta3.2,2,16,-6.779,2.875,
9FQE_A1IEU,A,beta3.2,2,17,-6.746,1.927,
9FQE_A1IEU,A,beta3.2,2,18,-6.705,2.864,
9FQE_A1IEU,A,beta3.2,2,19,-6.705,2.991,
9FQE_A1IEU,A,beta3.2,2,20,-6.545,2.507,
9FQE_A1IEU,B,1EZM_apo,1,1,-6.644,2.506,True
9FQE_A1IEU,B,1EZM_apo,1,2,-6.641,2.931,
9FQE_A1IEU,B,1EZM_apo,1,3,-6.526,3.134,
9FQE_A1IEU,B,1EZM_apo,1,4,-6.518,2.739,
9FQE_A1IEU,B,1EZM_apo,1,5,-6.509,2.642,
9FQE_A1IEU,B,1EZM_apo,1,6,-6.221,2.917,
9FQE_A1IEU,B,1EZM_apo,1,7,-6.115,1.816,
9FQE_A1IEU,B,1EZM_apo,1,8,-6.075,3.116,
9FQE_A1IEU,B,1EZM_apo,1,9,-6.062,3.331,
9FQE_A1IEU,B,1EZM_apo,1,10,-6.041,2.335,
9FQE_A1IEU,B,1EZM_apo,1,11,-5.905,2.492,
9FQE_A1IEU,B,1EZM_apo,1,12,-5.878,2.316,
9FQE_A1IEU,B,1EZM_apo,1,13,-5.833,2.846,
9FQE_A1IEU,B,1EZM_apo,1,14,-5.833,3.024,
9FQE_A1IEU,B,1EZM_apo,1,15,-5.785,2.846,
9FQE_A1IEU,B,1EZM_apo,1,16,-5.759,2.143,
9FQE_A1IEU,B,1EZM_apo,1,17,-5.752,2.873,
9FQE_A1IEU,B,1EZM_apo,1,18,-5.743,1.975,
9FQE_A1IEU,B,1EZM_apo,1,19,-5.732,3.402,
9FQE_A1IEU,B,1EZM_apo,1,20,-5.708,2.616,
9FQE_A1IEU,B,1EZM_apo,2,1,-6.653,2.52,True
9FQE_A1IEU,B,1EZM_apo,2,2,-6.622,2.924,
9FQE_A1IEU,B,1EZM_apo,2,3,-6.48,2.65,
9FQE_A1IEU,B,1EZM_apo,2,4,-6.164,2.131,
9FQE_A1IEU,B,1EZM_apo,2,5,-6.123,2.545,
9FQE_A1IEU,B,1EZM_apo,2,6,-6.109,3.056,
9FQE_A1IEU,B,1EZM_apo,2,7,-6.091,3.152,
9FQE_A1IEU,B,1EZM_apo,2,8,-6.035,2.61,
9FQE_A1IEU,B,1EZM_apo,2,9,-6.029,3.232,
9FQE_A1IEU,B,1EZM_apo,2,10,-5.997,3.366,
9FQE_A1IEU,B,1EZM_apo,2,11,-5.973,3.348,
9FQE_A1IEU,B,1EZM_apo,2,12,-5.941,2.011,
9FQE_A1IEU,B,1EZM_apo,2,13,-5.85,1.625,
9FQE_A1IEU,B,1EZM_apo,2,14,-5.81,2.736,
9FQE_A1IEU,B,1EZM_apo,2,15,-5.775,2.582,
9FQE_A1IEU,B,1EZM_apo,2,16,-5.739,2.187,
9FQE_A1IEU,B,1EZM_apo,2,17,-5.736,2.633,
9FQE_A1IEU,B,1EZM_apo,2,18,-5.72,2.808,
9FQE_A1IEU,B,1EZM_apo,2,19,-5.661,2.579,
9FQE_A1IEU,B,1EZM_apo,2,20,-5.546,2.541,
9FQX_A1IJJ,A,beta0.0,1,1,-7.589,1.744,True
9FQX_A1IJJ,A,beta0.0,1,2,-7.585,3.032,
9FQX_A1IJJ,A,beta0.0,1,3,-7.581,2.271,
9FQX_A1IJJ,A,beta0.0,1,4,-7.548,2.38,
9FQX_A1IJJ,A,beta0.0,1,5,-7.515,2.498,
9FQX_A1IJJ,A,beta0.0,1,6,-7.436,1.755,
9FQX_A1IJJ,A,beta0.0,1,7,-7.427,3.026,
9FQX_A1IJJ,A,beta0.0,1,8,-7.385,3.078,
9FQX_A1IJJ,A,beta0.0,1,9,-7.334,2.648,
9FQX_A1IJJ,A,beta0.0,1,10,-7.301,2.275,
9FQX_A1IJJ,A,beta0.0,1,11,-7.253,3.141,
9FQX_A1IJJ,A,beta0.0,1,12,-7.199,2.277,
9FQX_A1IJJ,A,beta0.0,1,13,-7.037,2.481,
9FQX_A1IJJ,A,beta0.0,1,14,-6.962,1.858,
9FQX_A1IJJ,A,beta0.0,1,15,-6.904,1.917,
9FQX_A1IJJ,A,beta0.0,1,16,-6.793,2.922,
9FQX_A1IJJ,A,beta0.0,1,17,-6.712,0.684,
9FQX_A1IJJ,A,beta0.0,1,18,-6.692,2.95,
9FQX_A1IJJ,A,beta0.0,1,19,-6.472,2.045,
9FQX_A1IJJ,A,beta0.0,1,20,-6.39,1.61,
9FQX_A1IJJ,A,beta3.2,2,1,-8.464,2.611,True
9FQX_A1IJJ,A,beta3.2,2,2,-8.076,2.186,
9FQX_A1IJJ,A,beta3.2,2,3,-7.966,2.774,
9FQX_A1IJJ,A,beta3.2,2,4,-7.938,3.081,
9FQX_A1IJJ,A,beta3.2,2,5,-7.925,1.621,
9FQX_A1IJJ,A,beta3.2,2,6,-7.901,3.173,
9FQX_A1IJJ,A,beta3.2,2,7,-7.735,2.535,
9FQX_A1IJJ,A,beta3.2,2,8,-7.729,1.502,
9FQX_A1IJJ,A,beta3.2,2,9,-7.639,1.81,
9FQX_A1IJJ,A,beta3.2,2,10,-7.51,3.125,
9FQX_A1IJJ,A,beta3.2,2,11,-7.39,2.686,
9FQX_A1IJJ,A,beta3.2,2,12,-7.322,2.676,
9FQX_A1IJJ,A,beta3.2,2,13,-7.139,2.901,
9FQX_A1IJJ,A,beta3.2,2,14,-7.029,2.042,
9FQX_A1IJJ,A,beta3.2,2,15,-6.987,1.837,
9FQX_A1IJJ,A,beta3.2,2,16,-6.979,2.22,
9FQX_A1IJJ,A,beta3.2,2,17,-6.931,1.218,
9FQX_A1IJJ,A,beta3.2,2,18,-6.903,1.865,
9FQX_A1IJJ,A,beta3.2,2,19,-6.814,2.617,
9FQX_A1IJJ,A,beta3.2,2,20,-6.8,1.487,
9FQX_A1IJJ,B,1EZM_apo,1,1,-6.331,1.804,True
9FQX_A1IJJ,B,1EZM_apo,1,2,-6.273,1.561,
9FQX_A1IJJ,B,1EZM_apo,1,3,-6.199,1.561,
9FQX_A1IJJ,B,1EZM_apo,1,4,-6.107,1.221,
9FQX_A1IJJ,B,1EZM_apo,1,5,-6.037,1.73,
9FQX_A1IJJ,B,1EZM_apo,1,6,-5.944,2.189,
9FQX_A1IJJ,B,1EZM_apo,1,7,-5.848,2.246,
9FQX_A1IJJ,B,1EZM_apo,1,8,-5.836,1.325,
9FQX_A1IJJ,B,1EZM_apo,1,9,-5.833,3.179,
9FQX_A1IJJ,B,1EZM_apo,1,10,-5.808,1.941,
9FQX_A1IJJ,B,1EZM_apo,1,11,-5.756,1.834,
9FQX_A1IJJ,B,1EZM_apo,1,12,-5.689,1.924,
9FQX_A1IJJ,B,1EZM_apo,1,13,-5.601,2.413,
9FQX_A1IJJ,B,1EZM_apo,1,14,-5.546,1.381,
9FQX_A1IJJ,B,1EZM_apo,1,15,-5.49,1.895,
9FQX_A1IJJ,B,1EZM_apo,1,16,-5.466,1.493,
9FQX_A1IJJ,B,1EZM_apo,1,17,-5.461,2.645,
9FQX_A1IJJ,B,1EZM_apo,1,18,-5.421,2.069,
9FQX_A1IJJ,B,1EZM_apo,1,19,-5.41,2.916,
9FQX_A1IJJ,B,1EZM_apo,1,20,-5.338,1.576,
9FQX_A1IJJ,B,1EZM_apo,2,1,-6.353,1.792,True
9FQX_A1IJJ,B,1EZM_apo,2,2,-6.289,1.763,
9FQX_A1IJJ,B,1EZM_apo,2,3,-6.271,1.584,
9FQX_A1IJJ,B,1EZM_apo,2,4,-6.184,1.947,
9FQX_A1IJJ,B,1EZM_apo,2,5,-6.063,1.661,
9FQX_A1IJJ,B,1EZM_apo,2,6,-6.043,2.676,
9FQX_A1IJJ,B,1EZM_apo,2,7,-5.965,3.144,
9FQX_A1IJJ,B,1EZM_apo,2,8,-5.939,1.757,
9FQX_A1IJJ,B,1EZM_apo,2,9,-5.92,2.767,
9FQX_A1IJJ,B,1EZM_apo,2,10,-5.875,1.677,
9FQX_A1IJJ,B,1EZM_apo,2,11,-5.819,2.04,
9FQX_A1IJJ,B,1EZM_apo,2,12,-5.787,2.279,
9FQX_A1IJJ,B,1EZM_apo,2,13,-5.767,2.531,
9FQX_A1IJJ,B,1EZM_apo,2,14,-5.737,2.04,
9FQX_A1IJJ,B,1EZM_apo,2,15,-5.714,1.876,
9FQX_A1IJJ,B,1EZM_apo,2,16,-5.708,2.212,
9FQX_A1IJJ,B,1EZM_apo,2,17,-5.698,3.17,
9FQX_A1IJJ,B,1EZM_apo,2,18,-5.634,1.554,
9FQX_A1IJJ,B,1EZM_apo,2,19,-5.615,2.163,
9FQX_A1IJJ,B,1EZM_apo,2,20,-5.597,1.955,
9FQY_A1IFN,A,beta0.0,1,1,-7.789,1.664,True
9FQY_A1IFN,A,beta0.0,1,2,-7.732,1.241,
9FQY_A1IFN,A,beta0.0,1,3,-7.582,2.459,
9FQY_A1IFN,A,beta0.0,1,4,-7.23,2.42,
9FQY_A1IFN,A,beta0.0,1,5,-7.185,1.929,
9FQY_A1IFN,A,beta0.0,1,6,-7.175,1.626,
9FQY_A1IFN,A,beta0.0,1,7,-7.162,1.657,
9FQY_A1IFN,A,beta0.0,1,8,-6.878,2.045,
9FQY_A1IFN,A,beta0.0,1,9,-6.83,2.453,
9FQY_A1IFN,A,beta0.0,1,10,-6.762,1.919,
9FQY_A1IFN,A,beta0.0,1,11,-6.762,2.056,
9FQY_A1IFN,A,beta0.0,1,12,-6.752,1.202,
9FQY_A1IFN,A,beta0.0,1,13,-6.69,1.52,
9FQY_A1IFN,A,beta0.0,1,14,-6.647,1.923,
9FQY_A1IFN,A,beta0.0,1,15,-6.571,2.155,
9FQY_A1IFN,A,beta0.0,1,16,-6.512,1.466,
9FQY_A1IFN,A,beta0.0,1,17,-6.307,1.525,
9FQY_A1IFN,A,beta0.0,1,18,-6.254,1.167,
9FQY_A1IFN,A,beta0.0,1,19,-6.103,2.187,
9FQY_A1IFN,A,beta0.0,1,20,-6.001,2.675,
9FQY_A1IFN,A,beta3.2,2,1,-8.252,2.048,True
9FQY_A1IFN,A,beta3.2,2,2,-8.004,2.033,
9FQY_A1IFN,A,beta3.2,2,3,-7.749,2.456,
9FQY_A1IFN,A,beta3.2,2,4,-7.564,1.994,
9FQY_A1IFN,A,beta3.2,2,5,-7.51,1.663,
9FQY_A1IFN,A,beta3.2,2,6,-7.499,1.651,
9FQY_A1IFN,A,beta3.2,2,7,-7.407,1.357,
9FQY_A1IFN,A,beta3.2,2,8,-7.17,1.803,
9FQY_A1IFN,A,beta3.2,2,9,-7.092,1.498,
9FQY_A1IFN,A,beta3.2,2,10,-7.052,1.118,
9FQY_A1IFN,A,beta3.2,2,11,-7.046,2.258,
9FQY_A1IFN,A,beta3.2,2,12,-7.042,2.488,
9FQY_A1IFN,A,beta3.2,2,13,-7.002,1.426,
9FQY_A1IFN,A,beta3.2,2,14,-6.996,2.202,
9FQY_A1IFN,A,beta3.2,2,15,-6.91,1.877,
9FQY_A1IFN,A,beta3.2,2,16,-6.906,1.165,
9FQY_A1IFN,A,beta3.2,2,17,-6.9,2.716,
9FQY_A1IFN,A,beta3.2,2,18,-6.841,1.254,
9FQY_A1IFN,A,beta3.2,2,19,-6.824,1.974,
9FQY_A1IFN,A,beta3.2,2,20,-6.765,1.643,
9FQY_A1IFN,B,1EZM_apo,1,1,-6.112,2.441,True
9FQY_A1IFN,B,1EZM_apo,1,2,-6.012,2.099,
9FQY_A1IFN,B,1EZM_apo,1,3,-5.908,1.586,
9FQY_A1IFN,B,1EZM_apo,1,4,-5.745,2.772,
9FQY_A1IFN,B,1EZM_apo,1,5,-5.697,2.39,
9FQY_A1IFN,B,1EZM_apo,1,6,-5.637,2.295,
9FQY_A1IFN,B,1EZM_apo,1,7,-5.585,2.223,
9FQY_A1IFN,B,1EZM_apo,1,8,-5.535,2.759,
9FQY_A1IFN,B,1EZM_apo,1,9,-5.469,2.544,
9FQY_A1IFN,B,1EZM_apo,1,10,-5.467,2.413,
9FQY_A1IFN,B,1EZM_apo,1,11,-5.402,1.565,
9FQY_A1IFN,B,1EZM_apo,1,12,-5.337,2.654,
9FQY_A1IFN,B,1EZM_apo,1,13,-5.335,2.306,
9FQY_A1IFN,B,1EZM_apo,1,14,-5.307,2.303,
9FQY_A1IFN,B,1EZM_apo,1,15,-5.284,1.931,
9FQY_A1IFN,B,1EZM_apo,1,16,-5.253,2.001,
9FQY_A1IFN,B,1EZM_apo,1,17,-5.24,2.129,
9FQY_A1IFN,B,1EZM_apo,1,18,-5.22,1.703,
9FQY_A1IFN,B,1EZM_apo,1,19,-5.209,2.557,
9FQY_A1IFN,B,1EZM_apo,1,20,-5.149,1.568,
9FQY_A1IFN,B,1EZM_apo,2,1,-6.149,2.091,True
9FQY_A1IFN,B,1EZM_apo,2,2,-6.081,2.394,
9FQY_A1IFN,B,1EZM_apo,2,3,-6.036,1.645,
9FQY_A1IFN,B,1EZM_apo,2,4,-5.968,2.154,
9FQY_A1IFN,B,1EZM_apo,2,5,-5.863,2.752,
9FQY_A1IFN,B,1EZM_apo,2,6,-5.774,1.702,
9FQY_A1IFN,B,1EZM_apo,2,7,-5.701,2.844,
9FQY_A1IFN,B,1EZM_apo,2,8,-5.649,2.416,
9FQY_A1IFN,B,1EZM_apo,2,9,-5.644,1.786,
9FQY_A1IFN,B,1EZM_apo,2,10,-5.613,2.22,
9FQY_A1IFN,B,1EZM_apo,2,11,-5.606,1.949,
9FQY_A1IFN,B,1EZM_apo,2,12,-5.588,2.551,
9FQY_A1IFN,B,1EZM_apo,2,13,-5.571,2.407,
9FQY_A1IFN,B,1EZM_apo,2,14,-5.467,2.177,
9FQY_A1IFN,B,1EZM_apo,2,15,-5.339,2.017,
9FQY_A1IFN,B,1EZM_apo,2,16,-5.334,1.786,
9FQY_A1IFN,B,1EZM_apo,2,17,-5.271,1.759,
9FQY_A1IFN,B,1EZM_apo,2,18,-5.248,1.556,
9FQY_A1IFN,B,1EZM_apo,2,19,-5.228,2.075,
9FQY_A1IFN,B,1EZM_apo,2,20,-5.198,1.798,
9FRY_A1IFU,A,beta0.0,1,1,-8.087,0.781,True
9FRY_A1IFU,A,beta0.0,1,2,-7.976,1.413,
9FRY_A1IFU,A,beta0.0,1,3,-7.952,0.844,
9FRY_A1IFU,A,beta0.0,1,4,-7.789,1.189,
9FRY_A1IFU,A,beta0.0,1,5,-7.749,1.05,
9FRY_A1IFU,A,beta0.0,1,6,-7.536,0.817,
9FRY_A1IFU,A,beta0.0,1,7,-7.317,0.438,
9FRY_A1IFU,A,beta0.0,1,8,-7.161,1.306,
9FRY_A1IFU,A,beta0.0,1,9,-7.147,0.632,
9FRY_A1IFU,A,beta0.0,1,10,-7.045,1.154,
9FRY_A1IFU,A,beta0.0,1,11,-6.66,0.758,
9FRY_A1IFU,A,beta0.0,1,12,-6.595,0.928,
9FRY_A1IFU,A,beta0.0,1,13,-6.545,1.262,
9FRY_A1IFU,A,beta0.0,1,14,-6.475,1.262,
9FRY_A1IFU,A,beta0.0,1,15,-6.438,0.982,
9FRY_A1IFU,A,beta0.0,1,16,-6.39,1.004,
9FRY_A1IFU,A,beta0.0,1,17,-6.327,1.265,
9FRY_A1IFU,A,beta0.0,1,18,-6.268,1.135,
9FRY_A1IFU,A,beta0.0,1,19,-6.124,0.931,
9FRY_A1IFU,A,beta0.0,1,20,-6.044,1.058,
9FRY_A1IFU,A,beta3.2,2,1,-7.571,1.098,True
9FRY_A1IFU,A,beta3.2,2,2,-7.54,1.097,
9FRY_A1IFU,A,beta3.2,2,3,-7.538,1.242,
9FRY_A1IFU,A,beta3.2,2,4,-7.446,0.959,
9FRY_A1IFU,A,beta3.2,2,5,-7.215,1.03,
9FRY_A1IFU,A,beta3.2,2,6,-7.052,1.394,
9FRY_A1IFU,A,beta3.2,2,7,-6.847,1.267,
9FRY_A1IFU,A,beta3.2,2,8,-6.711,0.936,
9FRY_A1IFU,A,beta3.2,2,9,-6.533,0.923,
9FRY_A1IFU,A,beta3.2,2,10,-6.382,1.437,
9FRY_A1IFU,A,beta3.2,2,11,-6.332,1.263,
9FRY_A1IFU,A,beta3.2,2,12,-6.319,1.499,
9FRY_A1IFU,A,beta3.2,2,13,-6.129,0.723,
9FRY_A1IFU,A,beta3.2,2,14,-5.979,1.183,
9FRY_A1IFU,A,beta3.2,2,15,-5.928,1.299,
9FRY_A1IFU,A,beta3.2,2,16,-5.905,1.387,
9FRY_A1IFU,A,beta3.2,2,17,-5.872,1.103,
9FRY_A1IFU,A,beta3.2,2,18,-5.854,0.628,
9FRY_A1IFU,A,beta3.2,2,19,-5.81,1.099,
9FRY_A1IFU,A,beta3.2,2,20,-5.718,1.195,
9FRY_A1IFU,B,1EZM_apo,1,1,-5.572,1.001,True
9FRY_A1IFU,B,1EZM_apo,1,2,-5.53,1.446,
9FRY_A1IFU,B,1EZM_apo,1,3,-5.521,1.192,
9FRY_A1IFU,B,1EZM_apo,1,4,-5.485,1.059,
9FRY_A1IFU,B,1EZM_apo,1,5,-5.466,1.161,
9FRY_A1IFU,B,1EZM_apo,1,6,-5.449,1.092,
9FRY_A1IFU,B,1EZM_apo,1,7,-5.436,1.274,
9FRY_A1IFU,B,1EZM_apo,1,8,-5.38,0.913,
9FRY_A1IFU,B,1EZM_apo,1,9,-5.376,0.929,
9FRY_A1IFU,B,1EZM_apo,1,10,-5.363,1.294,
9FRY_A1IFU,B,1EZM_apo,1,11,-5.248,0.887,
9FRY_A1IFU,B,1EZM_apo,1,12,-5.219,1.056,
9FRY_A1IFU,B,1EZM_apo,1,13,-5.209,1.134,
9FRY_A1IFU,B,1EZM_apo,1,14,-5.203,0.831,
9FRY_A1IFU,B,1EZM_apo,1,15,-5.158,0.674,
9FRY_A1IFU,B,1EZM_apo,1,16,-5.149,0.958,
9FRY_A1IFU,B,1EZM_apo,1,17,-5.138,1.218,
9FRY_A1IFU,B,1EZM_apo,1,18,-5.012,0.971,
9FRY_A1IFU,B,1EZM_apo,1,19,-4.984,0.819,
9FRY_A1IFU,B,1EZM_apo,1,20,-4.949,1.34,
9FRY_A1IFU,B,1EZM_apo,2,1,-5.587,1.008,True
9FRY_A1IFU,B,1EZM_apo,2,2,-5.496,1.451,
9FRY_A1IFU,B,1EZM_apo,2,3,-5.469,1.118,
9FRY_A1IFU,B,1EZM_apo,2,4,-5.467,0.91,
9FRY_A1IFU,B,1EZM_apo,2,5,-5.465,1.153,
9FRY_A1IFU,B,1EZM_apo,2,6,-5.369,1.102,
9FRY_A1IFU,B,1EZM_apo,2,7,-5.366,0.992,
9FRY_A1IFU,B,1EZM_apo,2,8,-5.336,0.91,
9FRY_A1IFU,B,1EZM_apo,2,9,-5.315,1.279,
9FRY_A1IFU,B,1EZM_apo,2,10,-5.273,1.298,
9FRY_A1IFU,B,1EZM_apo,2,11,-5.267,0.919,
9FRY_A1IFU,B,1EZM_apo,2,12,-5.206,1.188,
9FRY_A1IFU,B,1EZM_apo,2,13,-5.191,0.893,
9FRY_A1IFU,B,1EZM_apo,2,14,-5.158,1.183,
9FRY_A1IFU,B,1EZM_apo,2,15,-5.127,1.248,
9FRY_A1IFU,B,1EZM_apo,2,16,-5.096,1.341,
9FRY_A1IFU,B,1EZM_apo,2,17,-5.056,0.827,
9FRY_A1IFU,B,1EZM_apo,2,18,-5.049,1.12,
9FRY_A1IFU,B,1EZM_apo,2,19,-4.973,0.96,
9FRY_A1IFU,B,1EZM_apo,2,20,-4.965,1.108,
9FRZ_A1IFZ,A,beta0.0,1,1,-8.648,2.044,True
9FRZ_A1IFZ,A,beta0.0,1,2,-8.043,2.364,
9FRZ_A1IFZ,A,beta0.0,1,3,-7.954,2.051,
9FRZ_A1IFZ,A,beta0.0,1,4,-7.92,1.736,
9FRZ_A1IFZ,A,beta0.0,1,5,-7.834,2.135,
9FRZ_A1IFZ,A,beta0.0,1,6,-7.807,1.96,
9FRZ_A1IFZ,A,beta0.0,1,7,-7.786,2.196,
9FRZ_A1IFZ,A,beta0.0,1,8,-7.764,0.649,
9FRZ_A1IFZ,A,beta0.0,1,9,-7.688,2.252,
9FRZ_A1IFZ,A,beta0.0,1,10,-7.661,1.948,
9FRZ_A1IFZ,A,beta0.0,1,11,-7.495,1.623,
9FRZ_A1IFZ,A,beta0.0,1,12,-7.382,2.722,
9FRZ_A1IFZ,A,beta0.0,1,13,-7.309,2.64,
9FRZ_A1IFZ,A,beta0.0,1,14,-7.215,1.493,
9FRZ_A1IFZ,A,beta0.0,1,15,-7.192,2.683,
9FRZ_A1IFZ,A,beta0.0,1,16,-7.186,2.178,
9FRZ_A1IFZ,A,beta0.0,1,17,-7.142,2.795,
9FRZ_A1IFZ,A,beta0.0,1,18,-7.117,1.786,
9FRZ_A1IFZ,A,beta0.0,1,19,-6.972,2.003,
9FRZ_A1IFZ,A,beta0.0,1,20,-6.88,1.978,
9FRZ_A1IFZ,A,beta3.2,2,1,-8.757,2.762,True
9FRZ_A1IFZ,A,beta3.2,2,2,-8.588,2.899,
9FRZ_A1IFZ,A,beta3.2,2,3,-8.462,1.827,
9FRZ_A1IFZ,A,beta3.2,2,4,-8.398,2.368,
9FRZ_A1IFZ,A,beta3.2,2,5,-8.394,2.335,
9FRZ_A1IFZ,A,beta3.2,2,6,-8.333,2.778,
9FRZ_A1IFZ,A,beta3.2,2,7,-8.318,2.695,
9FRZ_A1IFZ,A,beta3.2,2,8,-7.84,1.396,
9FRZ_A1IFZ,A,beta3.2,2,9,-7.75,1.956,
9FRZ_A1IFZ,A,beta3.2,2,10,-7.72,1.693,
9FRZ_A1IFZ,A,beta3.2,2,11,-7.672,1.818,
9FRZ_A1IFZ,A,beta3.2,2,12,-7.61,2.054,
9FRZ_A1IFZ,A,beta3.2,2,13,-7.531,1.41,
9FRZ_A1IFZ,A,beta3.2,2,14,-7.459,1.835,
9FRZ_A1IFZ,A,beta3.2,2,15,-7.387,2.18,
9FRZ_A1IFZ,A,beta3.2,2,16,-7.306,2.175,
9FRZ_A1IFZ,A,beta3.2,2,17,-7.251,2.504,
9FRZ_A1IFZ,A,beta3.2,2,18,-7.215,2.311,
9FRZ_A1IFZ,A,beta3.2,2,19,-7.213,1.886,
9FRZ_A1IFZ,A,beta3.2,2,20,-7.134,2.322,
9FRZ_A1IFZ,B,1EZM_apo,1,1,-6.458,1.662,True
9FRZ_A1IFZ,B,1EZM_apo,1,2,-6.422,1.253,
9FRZ_A1IFZ,B,1EZM_apo,1,3,-6.415,2.028,
9FRZ_A1IFZ,B,1EZM_apo,1,4,-6.414,1.335,
9FRZ_A1IFZ,B,1EZM_apo,1,5,-6.353,2.316,
9FRZ_A1IFZ,B,1EZM_apo,1,6,-6.314,1.541,
9FRZ_A1IFZ,B,1EZM_apo,1,7,-6.235,1.891,
9FRZ_A1IFZ,B,1EZM_apo,1,8,-6.233,1.936,
9FRZ_A1IFZ,B,1EZM_apo,1,9,-6.228,2.559,
9FRZ_A1IFZ,B,1EZM_apo,1,10,-6.218,1.787,
9FRZ_A1IFZ,B,1EZM_apo,1,11,-6.195,2.239,
9FRZ_A1IFZ,B,1EZM_apo,1,12,-6.186,2.143,
9FRZ_A1IFZ,B,1EZM_apo,1,13,-6.137,2.043,
9FRZ_A1IFZ,B,1EZM_apo,1,14,-6.106,1.725,
9FRZ_A1IFZ,B,1EZM_apo,1,15,-6.066,1.432,
9FRZ_A1IFZ,B,1EZM_apo,1,16,-5.952,2.274,
9FRZ_A1IFZ,B,1EZM_apo,1,17,-5.872,2.387,
9FRZ_A1IFZ,B,1EZM_apo,1,18,-5.823,2.389,
9FRZ_A1IFZ,B,1EZM_apo,1,19,-5.816,1.419,
9FRZ_A1IFZ,B,1EZM_apo,1,20,-5.736,1.956,
9FRZ_A1IFZ,B,1EZM_apo,2,1,-6.494,1.696,True
9FRZ_A1IFZ,B,1EZM_apo,2,2,-6.483,1.515,
9FRZ_A1IFZ,B,1EZM_apo,2,3,-6.398,1.999,
9FRZ_A1IFZ,B,1EZM_apo,2,4,-6.371,1.221,
9FRZ_A1IFZ,B,1EZM_apo,2,5,-6.299,2.549,
9FRZ_A1IFZ,B,1EZM_apo,2,6,-6.295,1.69,
9FRZ_A1IFZ,B,1EZM_apo,2,7,-6.189,2.229,
9FRZ_A1IFZ,B,1EZM_apo,2,8,-6.165,2.181,
9FRZ_A1IFZ,B,1EZM_apo,2,9,-6.142,1.77,
9FRZ_A1IFZ,B,1EZM_apo,2,10,-6.099,1.982,
9FRZ_A1IFZ,B,1EZM_apo,2,11,-5.993,1.905,
9FRZ_A1IFZ,B,1EZM_apo,2,12,-5.988,2.132,
9FRZ_A1IFZ,B,1EZM_apo,2,13,-5.985,2.771,
9FRZ_A1IFZ,B,1EZM_apo,2,14,-5.981,1.815,
9FRZ_A1IFZ,B,1EZM_apo,2,15,-5.967,2.476,
9FRZ_A1IFZ,B,1EZM_apo,2,16,-5.935,2.012,
9FRZ_A1IFZ,B,1EZM_apo,2,17,-5.88,0.842,
9FRZ_A1IFZ,B,1EZM_apo,2,18,-5.878,2.111,
9FRZ_A1IFZ,B,1EZM_apo,2,19,-5.684,1.576,
9FRZ_A1IFZ,B,1EZM_apo,2,20,-5.673,2.151,
9GM4_A1IM0,A,beta0.0,1,1,-8.0,1.914,True
9GM4_A1IM0,A,beta0.0,1,2,-7.756,0.834,
9GM4_A1IM0,A,beta0.0,1,3,-7.684,1.452,
9GM4_A1IM0,A,beta0.0,1,4,-7.433,1.227,
9GM4_A1IM0,A,beta0.0,1,5,-7.178,2.344,
9GM4_A1IM0,A,beta0.0,1,6,-7.15,1.54,
9GM4_A1IM0,A,beta0.0,1,7,-7.07,2.495,
9GM4_A1IM0,A,beta0.0,1,8,-6.978,2.38,
9GM4_A1IM0,A,beta0.0,1,9,-6.934,1.016,
9GM4_A1IM0,A,beta0.0,1,10,-6.574,1.61,
9GM4_A1IM0,A,beta0.0,1,11,-6.517,0.926,
9GM4_A1IM0,A,beta0.0,1,12,-6.412,1.327,
9GM4_A1IM0,A,beta0.0,1,13,-6.4,1.671,
9GM4_A1IM0,A,beta0.0,1,14,-6.343,0.668,
9GM4_A1IM0,A,beta0.0,1,15,-6.314,1.893,
9GM4_A1IM0,A,beta0.0,1,16,-6.309,1.24,
9GM4_A1IM0,A,beta0.0,1,17,-6.295,1.499,
9GM4_A1IM0,A,beta0.0,1,18,-6.273,0.76,
9GM4_A1IM0,A,beta0.0,1,19,-6.126,0.823,
9GM4_A1IM0,A,beta0.0,1,20,-6.017,0.805,
9GM4_A1IM0,A,beta3.2,2,1,-8.427,1.719,True
9GM4_A1IM0,A,beta3.2,2,2,-7.989,1.227,
9GM4_A1IM0,A,beta3.2,2,3,-7.965,2.385,
9GM4_A1IM0,A,beta3.2,2,4,-7.874,2.262,
9GM4_A1IM0,A,beta3.2,2,5,-7.742,2.286,
9GM4_A1IM0,A,beta3.2,2,6,-7.71,2.21,
9GM4_A1IM0,A,beta3.2,2,7,-7.353,1.057,
9GM4_A1IM0,A,beta3.2,2,8,-7.322,2.256,
9GM4_A1IM0,A,beta3.2,2,9,-7.305,2.372,
9GM4_A1IM0,A,beta3.2,2,10,-7.279,1.304,
9GM4_A1IM0,A,beta3.2,2,11,-7.265,1.921,
9GM4_A1IM0,A,beta3.2,2,12,-7.228,1.325,
9GM4_A1IM0,A,beta3.2,2,13,-7.16,1.25,
9GM4_A1IM0,A,beta3.2,2,14,-7.141,2.055,
9GM4_A1IM0,A,beta3.2,2,15,-7.111,2.471,
9GM4_A1IM0,A,beta3.2,2,16,-7.064,2.473,
9GM4_A1IM0,A,beta3.2,2,17,-7.056,0.855,
9GM4_A1IM0,A,beta3.2,2,18,-6.816,1.017,
9GM4_A1IM0,A,beta3.2,2,19,-6.74,2.076,
9GM4_A1IM0,A,beta3.2,2,20,-6.64,2.014,
9GM4_A1IM0,B,1EZM_apo,1,1,-6.2,2.362,True
9GM4_A1IM0,B,1EZM_apo,1,2,-6.173,2.127,
9GM4_A1IM0,B,1EZM_apo,1,3,-6.138,2.399,
9GM4_A1IM0,B,1EZM_apo,1,4,-6.095,2.42,
9GM4_A1IM0,B,1EZM_apo,1,5,-6.05,1.242,
9GM4_A1IM0,B,1EZM_apo,1,6,-5.953,2.114,
9GM4_A1IM0,B,1EZM_apo,1,7,-5.942,1.709,
9GM4_A1IM0,B,1EZM_apo,1,8,-5.768,0.934,
9GM4_A1IM0,B,1EZM_apo,1,9,-5.69,2.107,
9GM4_A1IM0,B,1EZM_apo,1,10,-5.57,2.529,
9GM4_A1IM0,B,1EZM_apo,1,11,-5.558,1.39,
9GM4_A1IM0,B,1EZM_apo,1,12,-5.494,2.33,
9GM4_A1IM0,B,1EZM_apo,1,13,-5.485,1.238,
9GM4_A1IM0,B,1EZM_apo,1,14,-5.481,2.082,
9GM4_A1IM0,B,1EZM_apo,1,15,-5.397,2.033,
9GM4_A1IM0,B,1EZM_apo,1,16,-5.382,1.574,
9GM4_A1IM0,B,1EZM_apo,1,17,-5.379,0.786,
9GM4_A1IM0,B,1EZM_apo,1,18,-5.351,1.712,
9GM4_A1IM0,B,1EZM_apo,1,19,-5.328,1.948,
9GM4_A1IM0,B,1EZM_apo,1,20,-5.296,2.314,
9GM4_A1IM0,B,1EZM_apo,2,1,-6.232,2.391,True
9GM4_A1IM0,B,1EZM_apo,2,2,-6.194,2.363,
9GM4_A1IM0,B,1EZM_apo,2,3,-6.11,2.409,
9GM4_A1IM0,B,1EZM_apo,2,4,-6.088,1.224,
9GM4_A1IM0,B,1EZM_apo,2,5,-5.944,1.687,
9GM4_A1IM0,B,1EZM_apo,2,6,-5.891,2.165,
9GM4_A1IM0,B,1EZM_apo,2,7,-5.814,1.727,
9GM4_A1IM0,B,1EZM_apo,2,8,-5.776,2.359,
9GM4_A1IM0,B,1EZM_apo,2,9,-5.761,2.383,
9GM4_A1IM0,B,1EZM_apo,2,10,-5.577,1.502,
9GM4_A1IM0,B,1EZM_apo,2,11,-5.479,1.75,
9GM4_A1IM0,B,1EZM_apo,2,12,-5.475,2.052,
9GM4_A1IM0,B,1EZM_apo,2,13,-5.46,1.453,
9GM4_A1IM0,B,1EZM_apo,2,14,-5.455,1.016,
9GM4_A1IM0,B,1EZM_apo,2,15,-5.41,2.064,
9GM4_A1IM0,B,1EZM_apo,2,16,-5.385,2.378,
9GM4_A1IM0,B,1EZM_apo,2,17,-5.369,2.289,
9GM4_A1IM0,B,1EZM_apo,2,18,-5.332,0.869,
9GM4_A1IM0,B,1EZM_apo,2,19,-5.319,0.979,
9GM4_A1IM0,B,1EZM_apo,2,20,-5.268,1.464,
9FS0_A1IFY,A,beta0.0,1,1,-8.019,0.867,True
9FS0_A1IFY,A,beta0.0,1,2,-7.748,1.39,
9FS0_A1IFY,A,beta0.0,1,3,-7.419,1.222,
9FS0_A1IFY,A,beta0.0,1,4,-7.027,1.409,
9FS0_A1IFY,A,beta0.0,1,5,-7.009,0.95,
9FS0_A1IFY,A,beta0.0,1,6,-6.971,1.036,
9FS0_A1IFY,A,beta0.0,1,7,-6.912,1.125,
9FS0_A1IFY,A,beta0.0,1,8,-6.906,1.175,
9FS0_A1IFY,A,beta0.0,1,9,-6.88,1.263,
9FS0_A1IFY,A,beta0.0,1,10,-6.814,1.211,
9FS0_A1IFY,A,beta0.0,1,11,-6.549,1.164,
9FS0_A1IFY,A,beta0.0,1,12,-6.498,1.202,
9FS0_A1IFY,A,beta0.0,1,13,-6.396,1.215,
9FS0_A1IFY,A,beta0.0,1,14,-6.214,1.393,
9FS0_A1IFY,A,beta0.0,1,15,-6.169,1.269,
9FS0_A1IFY,A,beta0.0,1,16,-6.059,1.121,
9FS0_A1IFY,A,beta0.0,1,17,-6.05,1.497,
9FS0_A1IFY,A,beta0.0,1,18,-6.041,1.151,
9FS0_A1IFY,A,beta0.0,1,19,-6.038,1.485,
9FS0_A1IFY,A,beta0.0,1,20,-6.032,1.33,
9FS0_A1IFY,A,beta3.2,2,1,-8.242,1.178,True
9FS0_A1IFY,A,beta3.2,2,2,-7.963,1.135,
9FS0_A1IFY,A,beta3.2,2,3,-7.881,1.359,
9FS0_A1IFY,A,beta3.2,2,4,-7.348,1.507,
9FS0_A1IFY,A,beta3.2,2,5,-7.196,1.037,
9FS0_A1IFY,A,beta3.2,2,6,-7.088,1.335,
9FS0_A1IFY,A,beta3.2,2,7,-6.951,1.396,
9FS0_A1IFY,A,beta3.2,2,8,-6.776,1.369,
9FS0_A1IFY,A,beta3.2,2,9,-6.719,1.284,
9FS0_A1IFY,A,beta3.2,2,10,-6.695,1.164,
9FS0_A1IFY,A,beta3.2,2,11,-6.686,1.161,
9FS0_A1IFY,A,beta3.2,2,12,-6.57,1.407,
9FS0_A1IFY,A,beta3.2,2,13,-6.562,1.33,
9FS0_A1IFY,A,beta3.2,2,14,-6.546,1.361,
9FS0_A1IFY,A,beta3.2,2,15,-6.288,1.103,
9FS0_A1IFY,A,beta3.2,2,16,-6.25,1.581,
9FS0_A1IFY,A,beta3.2,2,17,-6.247,1.219,
9FS0_A1IFY,A,beta3.2,2,18,-6.237,1.146,
9FS0_A1IFY,A,beta3.2,2,19,-6.128,0.953,
9FS0_A1IFY,A,beta3.2,2,20,-6.084,1.337,
9FS0_A1IFY,B,1EZM_apo,1,1,-6.023,1.049,True
9FS0_A1IFY,B,1EZM_apo,1,2,-5.959,1.128,
9FS0_A1IFY,B,1EZM_apo,1,3,-5.824,1.315,
9FS0_A1IFY,B,1EZM_apo,1,4,-5.696,1.473,
9FS0_A1IFY,B,1EZM_apo,1,5,-5.612,1.204,
9FS0_A1IFY,B,1EZM_apo,1,6,-5.606,1.279,
9FS0_A1IFY,B,1EZM_apo,1,7,-5.536,1.172,
9FS0_A1IFY,B,1EZM_apo,1,8,-5.536,1.269,
9FS0_A1IFY,B,1EZM_apo,1,9,-5.476,1.243,
9FS0_A1IFY,B,1EZM_apo,1,10,-5.334,1.128,
9FS0_A1IFY,B,1EZM_apo,1,11,-5.302,1.189,
9FS0_A1IFY,B,1EZM_apo,1,12,-5.272,1.006,
9FS0_A1IFY,B,1EZM_apo,1,13,-5.236,1.513,
9FS0_A1IFY,B,1EZM_apo,1,14,-5.199,1.017,
9FS0_A1IFY,B,1EZM_apo,1,15,-5.186,1.072,
9FS0_A1IFY,B,1EZM_apo,1,16,-5.179,1.16,
9FS0_A1IFY,B,1EZM_apo,1,17,-5.117,1.203,
9FS0_A1IFY,B,1EZM_apo,1,18,-5.051,1.355,
9FS0_A1IFY,B,1EZM_apo,1,19,-5.035,1.026,
9FS0_A1IFY,B,1EZM_apo,1,20,-5.003,1.044,
9FS0_A1IFY,B,1EZM_apo,2,1,-5.991,0.984,True
9FS0_A1IFY,B,1EZM_apo,2,2,-5.913,1.101,
9FS0_A1IFY,B,1EZM_apo,2,3,-5.846,1.255,
9FS0_A1IFY,B,1EZM_apo,2,4,-5.676,1.432,
9FS0_A1IFY,B,1EZM_apo,2,5,-5.637,1.376,
9FS0_A1IFY,B,1EZM_apo,2,6,-5.61,1.301,
9FS0_A1IFY,B,1EZM_apo,2,7,-5.5,1.319,
9FS0_A1IFY,B,1EZM_apo,2,8,-5.463,1.142,
9FS0_A1IFY,B,1EZM_apo,2,9,-5.251,1.409,
9FS0_A1IFY,B,1EZM_apo,2,10,-5.177,1.333,
9FS0_A1IFY,B,1EZM_apo,2,11,-5.152,1.112,
9FS0_A1IFY,B,1EZM_apo,2,12,-5.082,1.351,
9FS0_A1IFY,B,1EZM_apo,2,13,-5.073,1.186,
9FS0_A1IFY,B,1EZM_apo,2,14,-5.046,0.949,
9FS0_A1IFY,B,1EZM_apo,2,15,-4.982,1.54,
9FS0_A1IFY,B,1EZM_apo,2,16,-4.98,1.1,
9FS0_A1IFY,B,1EZM_apo,2,17,-4.979,1.247,
9FS0_A1IFY,B,1EZM_apo,2,18,-4.909,1.12,
9FS0_A1IFY,B,1EZM_apo,2,19,-4.904,1.209,
9FS0_A1IFY,B,1EZM_apo,2,20,-4.843,1.33,
1U4G_HPI,C,1U4G,1,1,-8.993,1.312,True
1U4G_HPI,C,1U4G,1,2,-8.665,3.794,
1U4G_HPI,C,1U4G,1,3,-8.593,3.776,
1U4G_HPI,C,1U4G,1,4,-8.426,2.602,
1U4G_HPI,C,1U4G,1,5,-8.263,3.549,
1U4G_HPI,C,1U4G,1,6,-8.147,3.593,
1U4G_HPI,C,1U4G,1,7,-8.052,2.53,
1U4G_HPI,C,1U4G,1,8,-8.027,0.727,
1U4G_HPI,C,1U4G,1,9,-7.983,2.402,
1U4G_HPI,C,1U4G,1,10,-7.819,3.429,
1U4G_HPI,C,1U4G,1,11,-7.687,3.794,
1U4G_HPI,C,1U4G,1,12,-7.659,2.828,
1U4G_HPI,C,1U4G,1,13,-7.642,3.791,
1U4G_HPI,C,1U4G,1,14,-7.624,4.103,
1U4G_HPI,C,1U4G,1,15,-7.602,4.192,
1U4G_HPI,C,1U4G,1,16,-7.601,4.038,
1U4G_HPI,C,1U4G,1,17,-7.525,3.667,
1U4G_HPI,C,1U4G,1,18,-7.507,3.463,
1U4G_HPI,C,1U4G,1,19,-7.493,3.764,
1U4G_HPI,C,1U4G,1,20,-7.437,3.815,
1U4G_HPI,C,1U4G,2,1,-8.989,1.3,True
1U4G_HPI,C,1U4G,2,2,-8.701,3.798,
1U4G_HPI,C,1U4G,2,3,-8.625,3.787,
1U4G_HPI,C,1U4G,2,4,-8.529,3.552,
1U4G_HPI,C,1U4G,2,5,-8.126,3.617,
1U4G_HPI,C,1U4G,2,6,-8.103,2.543,
1U4G_HPI,C,1U4G,2,7,-8.005,3.756,
1U4G_HPI,C,1U4G,2,8,-8.002,3.441,
1U4G_HPI,C,1U4G,2,9,-7.903,2.256,
1U4G_HPI,C,1U4G,2,10,-7.808,2.902,
1U4G_HPI,C,1U4G,2,11,-7.799,2.964,
1U4G_HPI,C,1U4G,2,12,-7.772,3.76,
1U4G_HPI,C,1U4G,2,13,-7.664,2.819,
1U4G_HPI,C,1U4G,2,14,-7.654,3.407,
1U4G_HPI,C,1U4G,2,15,-7.632,4.198,
1U4G_HPI,C,1U4G,2,16,-7.631,3.468,
1U4G_HPI,C,1U4G,2,17,-7.621,3.576,
1U4G_HPI,C,1U4G,2,18,-7.599,3.843,
1U4G_HPI,C,1U4G,2,19,-7.564,2.212,
1U4G_HPI,C,1U4G,2,20,-7.485,3.747,
3DBK_RDF,C,3DBK,1,1,-9.284,2.317,True
3DBK_RDF,C,3DBK,1,2,-9.041,2.249,
3DBK_RDF,C,3DBK,1,3,-9.039,2.393,
3DBK_RDF,C,3DBK,1,4,-8.629,1.872,
3DBK_RDF,C,3DBK,1,5,-8.557,3.25,
3DBK_RDF,C,3DBK,1,6,-8.536,2.599,
3DBK_RDF,C,3DBK,1,7,-8.431,3.81,
3DBK_RDF,C,3DBK,1,8,-8.399,2.95,
3DBK_RDF,C,3DBK,1,9,-8.352,2.613,
3DBK_RDF,C,3DBK,1,10,-8.315,3.64,
3DBK_RDF,C,3DBK,1,11,-8.219,3.758,
3DBK_RDF,C,3DBK,1,12,-8.219,3.169,
3DBK_RDF,C,3DBK,1,13,-8.193,3.025,
3DBK_RDF,C,3DBK,1,14,-8.175,3.648,
3DBK_RDF,C,3DBK,1,15,-8.16,3.371,
3DBK_RDF,C,3DBK,1,16,-8.154,2.913,
3DBK_RDF,C,3DBK,1,17,-8.047,3.32,
3DBK_RDF,C,3DBK,1,18,-8.021,2.94,
3DBK_RDF,C,3DBK,1,19,-7.987,2.461,
3DBK_RDF,C,3DBK,1,20,-7.856,3.565,
3DBK_RDF,C,3DBK,2,1,-9.285,2.309,True
3DBK_RDF,C,3DBK,2,2,-9.031,2.394,
3DBK_RDF,C,3DBK,2,3,-9.008,2.242,
3DBK_RDF,C,3DBK,2,4,-8.604,2.988,
3DBK_RDF,C,3DBK,2,5,-8.423,2.839,
3DBK_RDF,C,3DBK,2,6,-8.414,3.785,
3DBK_RDF,C,3DBK,2,7,-8.393,2.031,
3DBK_RDF,C,3DBK,2,8,-8.365,3.06,
3DBK_RDF,C,3DBK,2,9,-8.364,2.593,
3DBK_RDF,C,3DBK,2,10,-8.329,3.83,
3DBK_RDF,C,3DBK,2,11,-8.313,2.982,
3DBK_RDF,C,3DBK,2,12,-8.219,3.674,
3DBK_RDF,C,3DBK,2,13,-8.163,3.78,
3DBK_RDF,C,3DBK,2,14,-8.106,3.528,
3DBK_RDF,C,3DBK,2,15,-8.017,2.757,
3DBK_RDF,C,3DBK,2,16,-7.982,1.799,
3DBK_RDF,C,3DBK,2,17,-7.918,3.163,
3DBK_RDF,C,3DBK,2,18,-7.879,2.408,
3DBK_RDF,C,3DBK,2,19,-7.847,3.225,
3DBK_RDF,C,3DBK,2,20,-7.844,2.456,
6F8B_CXH,C,6F8B,1,1,-5.166,0.672,True
6F8B_CXH,C,6F8B,1,2,-4.984,1.043,
6F8B_CXH,C,6F8B,1,3,-4.75,0.838,
6F8B_CXH,C,6F8B,1,4,-4.66,1.115,
6F8B_CXH,C,6F8B,1,5,-4.625,0.855,
6F8B_CXH,C,6F8B,1,6,-4.594,1.101,
6F8B_CXH,C,6F8B,1,7,-4.591,0.81,
6F8B_CXH,C,6F8B,1,8,-4.533,0.999,
6F8B_CXH,C,6F8B,1,9,-4.497,0.689,
6F8B_CXH,C,6F8B,1,10,-4.467,0.926,
6F8B_CXH,C,6F8B,1,11,-4.407,0.834,
6F8B_CXH,C,6F8B,1,12,-4.373,0.977,
6F8B_CXH,C,6F8B,1,13,-4.361,1.015,
6F8B_CXH,C,6F8B,1,14,-4.281,0.859,
6F8B_CXH,C,6F8B,1,15,-4.242,0.786,
6F8B_CXH,C,6F8B,1,16,-4.228,0.936,
6F8B_CXH,C,6F8B,1,17,-4.164,1.18,
6F8B_CXH,C,6F8B,1,18,-4.095,0.956,
6F8B_CXH,C,6F8B,1,19,-4.08,0.439,
6F8B_CXH,C,6F8B,1,20,-4.067,0.779,
6F8B_CXH,C,6F8B,2,1,-5.161,0.692,True
6F8B_CXH,C,6F8B,2,2,-4.947,1.061,
6F8B_CXH,C,6F8B,2,3,-4.839,0.965,
6F8B_CXH,C,6F8B,2,4,-4.589,0.633,
6F8B_CXH,C,6F8B,2,5,-4.563,1.011,
6F8B_CXH,C,6F8B,2,6,-4.545,0.821,
6F8B_CXH,C,6F8B,2,7,-4.524,0.893,
6F8B_CXH,C,6F8B,2,8,-4.473,1.233,
6F8B_CXH,C,6F8B,2,9,-4.419,0.478,
6F8B_CXH,C,6F8B,2,10,-4.326,0.93,
6F8B_CXH,C,6F8B,2,11,-4.325,0.936,
6F8B_CXH,C,6F8B,2,12,-4.281,1.116,
6F8B_CXH,C,6F8B,2,13,-4.198,1.107,
6F8B_CXH,C,6F8B,2,14,-4.166,1.177,
6F8B_CXH,C,6F8B,2,15,-4.134,0.934,
6F8B_CXH,C,6F8B,2,16,-4.124,0.587,
6F8B_CXH,C,6F8B,2,17,-4.104,1.033,
6F8B_CXH,C,6F8B,2,18,-4.027,1.219,
6F8B_CXH,C,6F8B,2,19,-3.906,1.179,
6F8B_CXH,C,6F8B,2,20,-3.899,0.628,
6FZX_EEK,C,6FZX,1,1,-8.089,1.587,True
6FZX_EEK,C,6FZX,1,2,-7.871,0.636,
6FZX_EEK,C,6FZX,1,3,-7.562,1.162,
6FZX_EEK,C,6FZX,1,4,-7.527,1.258,
6FZX_EEK,C,6FZX,1,5,-7.403,1.227,
6FZX_EEK,C,6FZX,1,6,-6.887,1.213,
6FZX_EEK,C,6FZX,1,7,-6.738,1.262,
6FZX_EEK,C,6FZX,1,8,-6.697,1.236,
6FZX_EEK,C,6FZX,1,9,-6.524,0.919,
6FZX_EEK,C,6FZX,1,10,-6.247,1.583,
6FZX_EEK,C,6FZX,1,11,-6.22,0.607,
6FZX_EEK,C,6FZX,1,12,-6.211,1.675,
6FZX_EEK,C,6FZX,1,13,-6.182,1.576,
6FZX_EEK,C,6FZX,1,14,-6.12,0.835,
6FZX_EEK,C,6FZX,1,15,-6.005,0.759,
6FZX_EEK,C,6FZX,1,16,-5.912,1.597,
6FZX_EEK,C,6FZX,1,17,-5.832,1.04,
6FZX_EEK,C,6FZX,1,18,-5.776,1.582,
6FZX_EEK,C,6FZX,1,19,-5.77,1.242,
6FZX_EEK,C,6FZX,1,20,-5.721,1.492,
6FZX_EEK,C,6FZX,2,1,-8.094,1.583,True
6FZX_EEK,C,6FZX,2,2,-7.919,0.622,
6FZX_EEK,C,6FZX,2,3,-7.604,1.185,
6FZX_EEK,C,6FZX,2,4,-7.559,0.797,
6FZX_EEK,C,6FZX,2,5,-7.476,0.723,
6FZX_EEK,C,6FZX,2,6,-7.469,1.639,
6FZX_EEK,C,6FZX,2,7,-7.054,1.415,
6FZX_EEK,C,6FZX,2,8,-7.009,1.199,
6FZX_EEK,C,6FZX,2,9,-6.925,1.198,
6FZX_EEK,C,6FZX,2,10,-6.905,1.012,
6FZX_EEK,C,6FZX,2,11,-6.865,1.43,
6FZX_EEK,C,6FZX,2,12,-6.576,1.103,
6FZX_EEK,C,6FZX,2,13,-6.482,1.363,
6FZX_EEK,C,6FZX,2,14,-6.469,0.849,
6FZX_EEK,C,6FZX,2,15,-6.377,0.925,
6FZX_EEK,C,6FZX,2,16,-6.311,1.237,
6FZX_EEK,C,6FZX,2,17,-6.3,1.614,
6FZX_EEK,C,6FZX,2,18,-6.283,1.237,
6FZX_EEK,C,6FZX,2,19,-6.243,0.628,
6FZX_EEK,C,6FZX,2,20,-6.032,0.816,
7QH1_CI8,C,7QH1,1,1,-8.499,2.423,True
7QH1_CI8,C,7QH1,1,2,-8.277,4.334,
7QH1_CI8,C,7QH1,1,3,-8.194,3.123,
7QH1_CI8,C,7QH1,1,4,-8.142,2.488,
7QH1_CI8,C,7QH1,1,5,-7.976,4.644,
7QH1_CI8,C,7QH1,1,6,-7.826,3.003,
7QH1_CI8,C,7QH1,1,7,-7.75,2.485,
7QH1_CI8,C,7QH1,1,8,-7.692,2.905,
7QH1_CI8,C,7QH1,1,9,-7.673,2.556,
7QH1_CI8,C,7QH1,1,10,-7.603,2.709,
7QH1_CI8,C,7QH1,1,11,-7.585,2.448,
7QH1_CI8,C,7QH1,1,12,-7.406,3.557,
7QH1_CI8,C,7QH1,1,13,-7.368,4.121,
7QH1_CI8,C,7QH1,1,14,-7.171,2.674,
7QH1_CI8,C,7QH1,1,15,-7.115,2.869,
7QH1_CI8,C,7QH1,1,16,-7.099,2.504,
7QH1_CI8,C,7QH1,1,17,-7.058,4.005,
7QH1_CI8,C,7QH1,1,18,-6.939,2.421,
7QH1_CI8,C,7QH1,1,19,-6.896,3.542,
7QH1_CI8,C,7QH1,1,20,-6.726,3.962,
7QH1_CI8,C,7QH1,2,1,-8.535,2.696,True
7QH1_CI8,C,7QH1,2,2,-8.141,4.392,
7QH1_CI8,C,7QH1,2,3,-8.095,3.401,
7QH1_CI8,C,7QH1,2,4,-8.081,3.405,
7QH1_CI8,C,7QH1,2,5,-8.05,2.954,
7QH1_CI8,C,7QH1,2,6,-7.936,2.463,
7QH1_CI8,C,7QH1,2,7,-7.862,4.489,
7QH1_CI8,C,7QH1,2,8,-7.854,4.195,
7QH1_CI8,C,7QH1,2,9,-7.782,2.815,
7QH1_CI8,C,7QH1,2,10,-7.744,3.506,
7QH1_CI8,C,7QH1,2,11,-7.708,2.394,
7QH1_CI8,C,7QH1,2,12,-7.531,2.685,
7QH1_CI8,C,7QH1,2,13,-7.526,2.84,
7QH1_CI8,C,7QH1,2,14,-7.506,2.794,
7QH1_CI8,C,7QH1,2,15,-7.417,2.622,
7QH1_CI8,C,7QH1,2,16,-7.293,2.776,
7QH1_CI8,C,7QH1,2,17,-7.262,1.596,
7QH1_CI8,C,7QH1,2,18,-7.256,2.735,
7QH1_CI8,C,7QH1,2,19,-7.22,2.826,
7QH1_CI8,C,7QH1,2,20,-6.988,4.322,
8R1B_XI5,C,8R1B,1,1,-8.037,1.299,True
8R1B_XI5,C,8R1B,1,2,-7.591,2.456,
8R1B_XI5,C,8R1B,1,3,-7.483,1.381,
8R1B_XI5,C,8R1B,1,4,-7.42,1.889,
8R1B_XI5,C,8R1B,1,5,-7.232,1.056,
8R1B_XI5,C,8R1B,1,6,-7.218,2.232,
8R1B_XI5,C,8R1B,1,7,-7.124,1.167,
8R1B_XI5,C,8R1B,1,8,-7.019,2.34,
8R1B_XI5,C,8R1B,1,9,-6.994,2.313,
8R1B_XI5,C,8R1B,1,10,-6.806,1.362,
8R1B_XI5,C,8R1B,1,11,-6.548,1.191,
8R1B_XI5,C,8R1B,1,12,-6.546,2.332,
8R1B_XI5,C,8R1B,1,13,-6.518,1.607,
8R1B_XI5,C,8R1B,1,14,-6.512,1.293,
8R1B_XI5,C,8R1B,1,15,-6.486,2.097,
8R1B_XI5,C,8R1B,1,16,-6.477,2.211,
8R1B_XI5,C,8R1B,1,17,-6.435,1.493,
8R1B_XI5,C,8R1B,1,18,-6.401,2.247,
8R1B_XI5,C,8R1B,1,19,-6.367,1.52,
8R1B_XI5,C,8R1B,1,20,-6.345,0.79,
8R1B_XI5,C,8R1B,2,1,-8.0,1.276,True
8R1B_XI5,C,8R1B,2,2,-7.87,1.502,
8R1B_XI5,C,8R1B,2,3,-7.611,2.462,
8R1B_XI5,C,8R1B,2,4,-7.598,1.519,
8R1B_XI5,C,8R1B,2,5,-7.478,2.213,
8R1B_XI5,C,8R1B,2,6,-7.196,2.307,
8R1B_XI5,C,8R1B,2,7,-7.107,1.176,
8R1B_XI5,C,8R1B,2,8,-6.918,1.82,
8R1B_XI5,C,8R1B,2,9,-6.844,2.19,
8R1B_XI5,C,8R1B,2,10,-6.677,2.103,
8R1B_XI5,C,8R1B,2,11,-6.636,2.53,
8R1B_XI5,C,8R1B,2,12,-6.63,2.418,
8R1B_XI5,C,8R1B,2,13,-6.526,2.306,
8R1B_XI5,C,8R1B,2,14,-6.522,1.502,
8R1B_XI5,C,8R1B,2,15,-6.506,1.113,
8R1B_XI5,C,8R1B,2,16,-6.454,1.058,
8R1B_XI5,C,8R1B,2,17,-6.42,1.586,
8R1B_XI5,C,8R1B,2,18,-6.398,1.352,
8R1B_XI5,C,8R1B,2,19,-6.379,1.569,
8R1B_XI5,C,8R1B,2,20,-6.353,1.585,
8CC4_U7F,C,8CC4,1,1,-7.69,1.057,True
8CC4_U7F,C,8CC4,1,2,-7.67,1.245,
8CC4_U7F,C,8CC4,1,3,-7.653,1.039,
8CC4_U7F,C,8CC4,1,4,-7.19,1.251,
8CC4_U7F,C,8CC4,1,5,-7.174,0.963,
8CC4_U7F,C,8CC4,1,6,-7.131,1.068,
8CC4_U7F,C,8CC4,1,7,-6.751,0.976,
8CC4_U7F,C,8CC4,1,8,-6.552,1.05,
8CC4_U7F,C,8CC4,1,9,-6.308,1.053,
8CC4_U7F,C,8CC4,1,10,-6.195,0.941,
8CC4_U7F,C,8CC4,1,11,-6.129,0.904,
8CC4_U7F,C,8CC4,1,12,-6.027,0.957,
8CC4_U7F,C,8CC4,1,13,-5.995,0.983,
8CC4_U7F,C,8CC4,1,14,-5.99,0.749,
8CC4_U7F,C,8CC4,1,15,-5.943,0.857,
8CC4_U7F,C,8CC4,1,16,-5.929,0.88,
8CC4_U7F,C,8CC4,1,17,-5.668,0.829,
8CC4_U7F,C,8CC4,1,18,-5.601,1.304,
8CC4_U7F,C,8CC4,1,19,-5.559,1.263,
8CC4_U7F,C,8CC4,1,20,-5.356,0.831,
8CC4_U7F,C,8CC4,2,1,-7.686,1.064,True
8CC4_U7F,C,8CC4,2,2,-7.638,1.252,
8CC4_U7F,C,8CC4,2,3,-7.573,0.916,
8CC4_U7F,C,8CC4,2,4,-7.322,1.315,
8CC4_U7F,C,8CC4,2,5,-7.268,0.956,
8CC4_U7F,C,8CC4,2,6,-7.135,1.046,
8CC4_U7F,C,8CC4,2,7,-7.085,1.257,
8CC4_U7F,C,8CC4,2,8,-7.082,0.633,
8CC4_U7F,C,8CC4,2,9,-6.955,1.065,
8CC4_U7F,C,8CC4,2,10,-6.736,0.962,
8CC4_U7F,C,8CC4,2,11,-6.585,0.966,
8CC4_U7F,C,8CC4,2,12,-6.556,1.324,
8CC4_U7F,C,8CC4,2,13,-6.336,1.019,
8CC4_U7F,C,8CC4,2,14,-6.282,0.822,
8CC4_U7F,C,8CC4,2,15,-6.204,0.942,
8CC4_U7F,C,8CC4,2,16,-6.173,0.822,
8CC4_U7F,C,8CC4,2,17,-6.114,0.913,
8CC4_U7F,C,8CC4,2,18,-6.009,0.779,
8CC4_U7F,C,8CC4,2,19,-6.008,1.155,
8CC4_U7F,C,8CC4,2,20,-5.969,0.974,
9FQD_A1IEX,C,9FQD,1,1,-8.076,1.953,True
9FQD_A1IEX,C,9FQD,1,2,-7.53,0.512,
9FQD_A1IEX,C,9FQD,1,3,-7.291,0.823,
9FQD_A1IEX,C,9FQD,1,4,-7.197,1.39,
9FQD_A1IEX,C,9FQD,1,5,-6.763,2.449,
9FQD_A1IEX,C,9FQD,1,6,-6.757,1.711,
9FQD_A1IEX,C,9FQD,1,7,-6.712,1.883,
9FQD_A1IEX,C,9FQD,1,8,-6.691,1.201,
9FQD_A1IEX,C,9FQD,1,9,-6.668,2.603,
9FQD_A1IEX,C,9FQD,1,10,-6.509,2.755,
9FQD_A1IEX,C,9FQD,1,11,-6.457,2.649,
9FQD_A1IEX,C,9FQD,1,12,-6.423,2.862,
9FQD_A1IEX,C,9FQD,1,13,-6.418,1.776,
9FQD_A1IEX,C,9FQD,1,14,-6.359,1.506,
9FQD_A1IEX,C,9FQD,1,15,-6.197,1.944,
9FQD_A1IEX,C,9FQD,1,16,-6.194,1.508,
9FQD_A1IEX,C,9FQD,1,17,-6.162,1.903,
9FQD_A1IEX,C,9FQD,1,18,-6.11,2.116,
9FQD_A1IEX,C,9FQD,1,19,-6.003,2.509,
9FQD_A1IEX,C,9FQD,1,20,-5.977,1.864,
9FQD_A1IEX,C,9FQD,2,1,-7.982,1.942,True
9FQD_A1IEX,C,9FQD,2,2,-7.514,0.545,
9FQD_A1IEX,C,9FQD,2,3,-7.261,0.891,
9FQD_A1IEX,C,9FQD,2,4,-7.118,2.595,
9FQD_A1IEX,C,9FQD,2,5,-6.75,1.614,
9FQD_A1IEX,C,9FQD,2,6,-6.721,1.632,
9FQD_A1IEX,C,9FQD,2,7,-6.703,1.555,
9FQD_A1IEX,C,9FQD,2,8,-6.674,1.892,
9FQD_A1IEX,C,9FQD,2,9,-6.485,2.752,
9FQD_A1IEX,C,9FQD,2,10,-6.338,2.578,
9FQD_A1IEX,C,9FQD,2,11,-6.3,1.571,
9FQD_A1IEX,C,9FQD,2,12,-6.243,2.732,
9FQD_A1IEX,C,9FQD,2,13,-6.238,2.285,
9FQD_A1IEX,C,9FQD,2,14,-6.141,1.395,
9FQD_A1IEX,C,9FQD,2,15,-6.123,1.473,
9FQD_A1IEX,C,9FQD,2,16,-6.119,1.793,
9FQD_A1IEX,C,9FQD,2,17,-6.071,1.951,
9FQD_A1IEX,C,9FQD,2,18,-5.922,1.019,
9FQD_A1IEX,C,9FQD,2,19,-5.905,1.818,
9FQD_A1IEX,C,9FQD,2,20,-5.817,2.838,
9FQE_A1IEU,C,9FQE,1,1,-8.484,1.971,True
9FQE_A1IEU,C,9FQE,1,2,-8.134,2.262,
9FQE_A1IEU,C,9FQE,1,3,-8.08,2.926,
9FQE_A1IEU,C,9FQE,1,4,-8.061,2.645,
9FQE_A1IEU,C,9FQE,1,5,-7.847,2.244,
9FQE_A1IEU,C,9FQE,1,6,-7.833,1.369,
9FQE_A1IEU,C,9FQE,1,7,-7.78,2.852,
9FQE_A1IEU,C,9FQE,1,8,-7.666,2.537,
9FQE_A1IEU,C,9FQE,1,9,-7.554,3.081,
9FQE_A1IEU,C,9FQE,1,10,-7.536,2.581,
9FQE_A1IEU,C,9FQE,1,11,-7.471,3.122,
9FQE_A1IEU,C,9FQE,1,12,-7.467,1.502,
9FQE_A1IEU,C,9FQE,1,13,-7.432,2.788,
9FQE_A1IEU,C,9FQE,1,14,-7.392,2.22,
9FQE_A1IEU,C,9FQE,1,15,-7.341,2.69,
9FQE_A1IEU,C,9FQE,1,16,-7.298,0.612,
9FQE_A1IEU,C,9FQE,1,17,-7.212,2.65,
9FQE_A1IEU,C,9FQE,1,18,-7.188,2.009,
9FQE_A1IEU,C,9FQE,1,19,-7.188,2.772,
9FQE_A1IEU,C,9FQE,1,20,-7.137,2.821,
9FQE_A1IEU,C,9FQE,2,1,-8.505,1.958,True
9FQE_A1IEU,C,9FQE,2,2,-8.145,2.481,
9FQE_A1IEU,C,9FQE,2,3,-8.144,2.619,
9FQE_A1IEU,C,9FQE,2,4,-8.085,2.643,
9FQE_A1IEU,C,9FQE,2,5,-7.785,2.826,
9FQE_A1IEU,C,9FQE,2,6,-7.619,2.0,
9FQE_A1IEU,C,9FQE,2,7,-7.607,2.595,
9FQE_A1IEU,C,9FQE,2,8,-7.588,2.985,
9FQE_A1IEU,C,9FQE,2,9,-7.539,2.757,
9FQE_A1IEU,C,9FQE,2,10,-7.507,2.488,
9FQE_A1IEU,C,9FQE,2,11,-7.495,3.206,
9FQE_A1IEU,C,9FQE,2,12,-7.447,2.683,
9FQE_A1IEU,C,9FQE,2,13,-7.248,1.878,
9FQE_A1IEU,C,9FQE,2,14,-7.237,0.903,
9FQE_A1IEU,C,9FQE,2,15,-7.126,2.611,
9FQE_A1IEU,C,9FQE,2,16,-7.056,2.627,
9FQE_A1IEU,C,9FQE,2,17,-7.008,2.58,
9FQE_A1IEU,C,9FQE,2,18,-6.991,2.04,
9FQE_A1IEU,C,9FQE,2,19,-6.966,2.967,
9FQE_A1IEU,C,9FQE,2,20,-6.929,2.679,
9FQX_A1IJJ,C,9FQX,1,1,-7.957,2.193,True
9FQX_A1IJJ,C,9FQX,1,2,-7.92,1.469,
9FQX_A1IJJ,C,9FQX,1,3,-7.887,2.77,
9FQX_A1IJJ,C,9FQX,1,4,-7.857,3.026,
9FQX_A1IJJ,C,9FQX,1,5,-7.727,1.611,
9FQX_A1IJJ,C,9FQX,1,6,-7.721,3.027,
9FQX_A1IJJ,C,9FQX,1,7,-7.676,2.171,
9FQX_A1IJJ,C,9FQX,1,8,-7.662,2.85,
9FQX_A1IJJ,C,9FQX,1,9,-7.63,1.183,
9FQX_A1IJJ,C,9FQX,1,10,-7.561,1.943,
9FQX_A1IJJ,C,9FQX,1,11,-7.532,2.045,
9FQX_A1IJJ,C,9FQX,1,12,-7.51,2.466,
9FQX_A1IJJ,C,9FQX,1,13,-7.346,2.325,
9FQX_A1IJJ,C,9FQX,1,14,-7.258,2.28,
9FQX_A1IJJ,C,9FQX,1,15,-7.233,1.69,
9FQX_A1IJJ,C,9FQX,1,16,-7.203,3.345,
9FQX_A1IJJ,C,9FQX,1,17,-7.147,2.798,
9FQX_A1IJJ,C,9FQX,1,18,-7.141,2.809,
9FQX_A1IJJ,C,9FQX,1,19,-7.105,1.178,
9FQX_A1IJJ,C,9FQX,1,20,-7.089,1.417,
9FQX_A1IJJ,C,9FQX,2,1,-7.931,2.072,True
9FQX_A1IJJ,C,9FQX,2,2,-7.882,1.484,
9FQX_A1IJJ,C,9FQX,2,3,-7.845,2.755,
9FQX_A1IJJ,C,9FQX,2,4,-7.776,2.953,
9FQX_A1IJJ,C,9FQX,2,5,-7.744,1.108,
9FQX_A1IJJ,C,9FQX,2,6,-7.735,2.205,
9FQX_A1IJJ,C,9FQX,2,7,-7.716,3.03,
9FQX_A1IJJ,C,9FQX,2,8,-7.639,2.837,
9FQX_A1IJJ,C,9FQX,2,9,-7.622,1.818,
9FQX_A1IJJ,C,9FQX,2,10,-7.584,2.831,
9FQX_A1IJJ,C,9FQX,2,11,-7.561,1.864,
9FQX_A1IJJ,C,9FQX,2,12,-7.515,3.058,
9FQX_A1IJJ,C,9FQX,2,13,-7.336,1.39,
9FQX_A1IJJ,C,9FQX,2,14,-7.302,2.637,
9FQX_A1IJJ,C,9FQX,2,15,-7.256,1.84,
9FQX_A1IJJ,C,9FQX,2,16,-7.232,2.15,
9FQX_A1IJJ,C,9FQX,2,17,-7.23,1.508,
9FQX_A1IJJ,C,9FQX,2,18,-7.212,2.48,
9FQX_A1IJJ,C,9FQX,2,19,-7.182,2.014,
9FQX_A1IJJ,C,9FQX,2,20,-7.027,1.302,
9FQY_A1IFN,C,9FQY,1,1,-8.111,2.184,True
9FQY_A1IFN,C,9FQY,1,2,-8.106,1.25,
9FQY_A1IFN,C,9FQY,1,3,-8.055,1.589,
9FQY_A1IFN,C,9FQY,1,4,-7.933,0.585,
9FQY_A1IFN,C,9FQY,1,5,-7.831,2.511,
9FQY_A1IFN,C,9FQY,1,6,-7.758,2.462,
9FQY_A1IFN,C,9FQY,1,7,-7.696,1.433,
9FQY_A1IFN,C,9FQY,1,8,-7.303,2.033,
9FQY_A1IFN,C,9FQY,1,9,-7.301,2.188,
9FQY_A1IFN,C,9FQY,1,10,-7.211,2.057,
9FQY_A1IFN,C,9FQY,1,11,-7.201,1.902,
9FQY_A1IFN,C,9FQY,1,12,-7.151,1.605,
9FQY_A1IFN,C,9FQY,1,13,-7.1,2.61,
9FQY_A1IFN,C,9FQY,1,14,-6.988,1.564,
9FQY_A1IFN,C,9FQY,1,15,-6.95,2.869,
9FQY_A1IFN,C,9FQY,1,16,-6.814,2.922,
9FQY_A1IFN,C,9FQY,1,17,-6.786,2.255,
9FQY_A1IFN,C,9FQY,1,18,-6.769,1.599,
9FQY_A1IFN,C,9FQY,1,19,-6.761,2.833,
9FQY_A1IFN,C,9FQY,2,1,-8.268,2.028,True
9FQY_A1IFN,C,9FQY,2,2,-8.097,1.23,
9FQY_A1IFN,C,9FQY,2,3,-8.084,1.322,
9FQY_A1IFN,C,9FQY,2,4,-8.049,1.796,
9FQY_A1IFN,C,9FQY,2,5,-7.999,1.756,
9FQY_A1IFN,C,9FQY,2,6,-7.991,2.153,
9FQY_A1IFN,C,9FQY,2,7,-7.757,0.694,
9FQY_A1IFN,C,9FQY,2,8,-7.662,1.991,
9FQY_A1IFN,C,9FQY,2,9,-7.439,2.026,
9FQY_A1IFN,C,9FQY,2,10,-7.317,2.641,
9FQY_A1IFN,C,9FQY,2,11,-7.303,1.965,
9FQY_A1IFN,C,9FQY,2,12,-7.26,2.509,
9FQY_A1IFN,C,9FQY,2,13,-7.237,1.567,
9FQY_A1IFN,C,9FQY,2,14,-7.223,1.942,
9FQY_A1IFN,C,9FQY,2,15,-7.2,2.497,
9FQY_A1IFN,C,9FQY,2,16,-7.182,1.743,
9FQY_A1IFN,C,9FQY,2,17,-7.173,2.509,
9FQY_A1IFN,C,9FQY,2,18,-7.089,1.555,
9FQY_A1IFN,C,9FQY,2,19,-6.967,1.624,
9FQY_A1IFN,C,9FQY,2,20,-6.678,2.116,
9FRY_A1IFU,C,9FRY,1,1,-8.36,0.934,True
9FRY_A1IFU,C,9FRY,1,2,-8.275,1.459,
9FRY_A1IFU,C,9FRY,1,3,-8.066,1.162,
9FRY_A1IFU,C,9FRY,1,4,-7.882,0.993,
9FRY_A1IFU,C,9FRY,1,5,-7.793,0.426,
9FRY_A1IFU,C,9FRY,1,6,-7.686,1.306,
9FRY_A1IFU,C,9FRY,1,7,-7.634,0.511,
9FRY_A1IFU,C,9FRY,1,8,-7.351,1.366,
9FRY_A1IFU,C,9FRY,1,9,-7.334,1.187,
9FRY_A1IFU,C,9FRY,1,10,-7.286,1.088,
9FRY_A1IFU,C,9FRY,1,11,-7.105,1.187,
9FRY_A1IFU,C,9FRY,1,12,-6.513,0.989,
9FRY_A1IFU,C,9FRY,1,13,-6.479,0.905,
9FRY_A1IFU,C,9FRY,1,14,-6.356,0.992,
9FRY_A1IFU,C,9FRY,1,15,-6.332,1.318,
9FRY_A1IFU,C,9FRY,1,16,-6.284,1.069,
9FRY_A1IFU,C,9FRY,1,17,-6.277,1.125,
9FRY_A1IFU,C,9FRY,1,18,-6.207,1.121,
9FRY_A1IFU,C,9FRY,1,19,-6.184,1.371,
9FRY_A1IFU,C,9FRY,1,20,-6.155,1.095,
9FRY_A1IFU,C,9FRY,2,1,-8.363,0.933,True
9FRY_A1IFU,C,9FRY,2,2,-8.282,1.456,
9FRY_A1IFU,C,9FRY,2,3,-8.065,1.16,
9FRY_A1IFU,C,9FRY,2,4,-7.837,0.395,
9FRY_A1IFU,C,9FRY,2,5,-7.782,1.256,
9FRY_A1IFU,C,9FRY,2,6,-7.439,1.128,
9FRY_A1IFU,C,9FRY,2,7,-7.317,1.219,
9FRY_A1IFU,C,9FRY,2,8,-7.264,1.346,
9FRY_A1IFU,C,9FRY,2,9,-7.217,1.154,
9FRY_A1IFU,C,9FRY,2,10,-6.774,1.094,
9FRY_A1IFU,C,9FRY,2,11,-6.566,0.928,
9FRY_A1IFU,C,9FRY,2,12,-6.513,0.837,
9FRY_A1IFU,C,9FRY,2,13,-6.499,0.939,
9FRY_A1IFU,C,9FRY,2,14,-6.488,1.282,
9FRY_A1IFU,C,9FRY,2,15,-6.385,0.988,
9FRY_A1IFU,C,9FRY,2,16,-6.232,0.899,
9FRY_A1IFU,C,9FRY,2,17,-6.14,0.953,
9FRY_A1IFU,C,9FRY,2,18,-6.096,0.764,
9FRY_A1IFU,C,9FRY,2,19,-6.069,1.18,
9FRY_A1IFU,C,9FRY,2,20,-6.067,1.084,
9FRZ_A1IFZ,C,9FRZ,1,1,-9.016,1.997,True
9FRZ_A1IFZ,C,9FRZ,1,2,-8.913,1.977,
9FRZ_A1IFZ,C,9FRZ,1,3,-8.734,1.124,
9FRZ_A1IFZ,C,9FRZ,1,4,-8.286,2.825,
9FRZ_A1IFZ,C,9FRZ,1,5,-8.229,2.55,
9FRZ_A1IFZ,C,9FRZ,1,6,-8.167,1.511,
9FRZ_A1IFZ,C,9FRZ,1,7,-8.135,2.517,
9FRZ_A1IFZ,C,9FRZ,1,8,-7.922,2.28,
9FRZ_A1IFZ,C,9FRZ,1,9,-7.762,2.685,
9FRZ_A1IFZ,C,9FRZ,1,10,-7.713,2.417,
9FRZ_A1IFZ,C,9FRZ,1,11,-7.712,1.681,
9FRZ_A1IFZ,C,9FRZ,1,12,-7.706,2.108,
9FRZ_A1IFZ,C,9FRZ,1,13,-7.614,2.119,
9FRZ_A1IFZ,C,9FRZ,1,14,-7.579,2.243,
9FRZ_A1IFZ,C,9FRZ,1,15,-7.386,2.706,
9FRZ_A1IFZ,C,9FRZ,1,16,-7.383,1.996,
9FRZ_A1IFZ,C,9FRZ,1,17,-7.379,1.321,
9FRZ_A1IFZ,C,9FRZ,1,18,-7.363,2.054,
9FRZ_A1IFZ,C,9FRZ,1,19,-7.323,2.722,
9FRZ_A1IFZ,C,9FRZ,2,1,-9.136,1.971,True
9FRZ_A1IFZ,C,9FRZ,2,2,-9.106,1.995,
9FRZ_A1IFZ,C,9FRZ,2,3,-9.029,1.141,
9FRZ_A1IFZ,C,9FRZ,2,4,-8.47,2.811,
9FRZ_A1IFZ,C,9FRZ,2,5,-8.285,1.539,
9FRZ_A1IFZ,C,9FRZ,2,6,-8.261,2.141,
9FRZ_A1IFZ,C,9FRZ,2,7,-8.213,2.221,
9FRZ_A1IFZ,C,9FRZ,2,8,-8.148,1.37,
9FRZ_A1IFZ,C,9FRZ,2,9,-8.103,2.773,
9FRZ_A1IFZ,C,9FRZ,2,10,-8.051,2.377,
9FRZ_A1IFZ,C,9FRZ,2,11,-8.021,1.942,
9FRZ_A1IFZ,C,9FRZ,2,12,-7.826,2.697,
9FRZ_A1IFZ,C,9FRZ,2,13,-7.786,2.934,
9FRZ_A1IFZ,C,9FRZ,2,14,-7.737,2.209,
9FRZ_A1IFZ,C,9FRZ,2,15,-7.698,2.7,
9FRZ_A1IFZ,C,9FRZ,2,16,-7.666,1.568,
9FRZ_A1IFZ,C,9FRZ,2,17,-7.648,2.687,
9FRZ_A1IFZ,C,9FRZ,2,18,-7.645,2.547,
9FRZ_A1IFZ,C,9FRZ,2,19,-7.55,2.61,
9FRZ_A1IFZ,C,9FRZ,2,20,-7.517,2.156,
9GM4_A1IM0,C,9GM4,1,1,-7.849,0.927,True
9GM4_A1IM0,C,9GM4,1,2,-7.709,1.599,
9GM4_A1IM0,C,9GM4,1,3,-7.44,2.067,
9GM4_A1IM0,C,9GM4,1,4,-7.314,1.116,
9GM4_A1IM0,C,9GM4,1,5,-7.288,2.252,
9GM4_A1IM0,C,9GM4,1,6,-7.258,1.843,
9GM4_A1IM0,C,9GM4,1,7,-7.093,1.055,
9GM4_A1IM0,C,9GM4,1,8,-6.87,2.547,
9GM4_A1IM0,C,9GM4,1,9,-6.854,2.32,
9GM4_A1IM0,C,9GM4,1,10,-6.825,1.348,
9GM4_A1IM0,C,9GM4,1,11,-6.74,0.941,
9GM4_A1IM0,C,9GM4,1,12,-6.6,2.381,
9GM4_A1IM0,C,9GM4,1,13,-6.574,1.617,
9GM4_A1IM0,C,9GM4,1,14,-6.47,1.209,
9GM4_A1IM0,C,9GM4,1,15,-6.403,1.509,
9GM4_A1IM0,C,9GM4,1,16,-6.364,2.109,
9GM4_A1IM0,C,9GM4,1,17,-6.279,2.17,
9GM4_A1IM0,C,9GM4,1,18,-6.264,1.492,
9GM4_A1IM0,C,9GM4,1,19,-6.115,1.614,
9GM4_A1IM0,C,9GM4,1,20,-5.925,2.528,
9GM4_A1IM0,C,9GM4,2,1,-7.872,0.899,True
9GM4_A1IM0,C,9GM4,2,2,-7.448,2.284,
9GM4_A1IM0,C,9GM4,2,3,-7.355,1.097,
9GM4_A1IM0,C,9GM4,2,4,-7.025,2.144,
9GM4_A1IM0,C,9GM4,2,5,-6.963,1.38,
9GM4_A1IM0,C,9GM4,2,6,-6.756,1.872,
9GM4_A1IM0,C,9GM4,2,7,-6.68,1.866,
9GM4_A1IM0,C,9GM4,2,8,-6.653,1.075,
9GM4_A1IM0,C,9GM4,2,9,-6.62,1.215,
9GM4_A1IM0,C,9GM4,2,10,-6.607,2.388,
9GM4_A1IM0,C,9GM4,2,11,-6.427,2.324,
9GM4_A1IM0,C,9GM4,2,12,-6.425,1.517,
9GM4_A1IM0,C,9GM4,2,13,-6.34,2.254,
9GM4_A1IM0,C,9GM4,2,14,-6.28,1.386,
9GM4_A1IM0,C,9GM4,2,15,-6.274,1.276,
9GM4_A1IM0,C,9GM4,2,16,-6.228,1.046,
9GM4_A1IM0,C,9GM4,2,17,-6.201,0.725,
9GM4_A1IM0,C,9GM4,2,18,-6.192,1.707,
9GM4_A1IM0,C,9GM4,2,19,-6.191,2.552,
9GM4_A1IM0,C,9GM4,2,20,-5.917,1.674,
9FS0_A1IFY,C,9FS0,1,1,-8.693,1.033,True
9FS0_A1IFY,C,9FS0,1,2,-8.399,1.35,
9FS0_A1IFY,C,9FS0,1,3,-8.3,0.989,
9FS0_A1IFY,C,9FS0,1,4,-7.324,1.322,
9FS0_A1IFY,C,9FS0,1,5,-7.248,1.367,
9FS0_A1IFY,C,9FS0,1,6,-7.18,1.032,
9FS0_A1IFY,C,9FS0,1,7,-7.115,1.188,
9FS0_A1IFY,C,9FS0,1,8,-7.112,1.339,
9FS0_A1IFY,C,9FS0,1,9,-7.106,1.022,
9FS0_A1IFY,C,9FS0,1,10,-6.948,1.221,
9FS0_A1IFY,C,9FS0,1,11,-6.917,1.419,
9FS0_A1IFY,C,9FS0,1,12,-6.813,1.294,
9FS0_A1IFY,C,9FS0,1,13,-6.599,1.181,
9FS0_A1IFY,C,9FS0,1,14,-6.597,1.036,
9FS0_A1IFY,C,9FS0,1,15,-6.539,1.278,
9FS0_A1IFY,C,9FS0,1,16,-6.374,1.171,
9FS0_A1IFY,C,9FS0,1,17,-6.343,1.436,
9FS0_A1IFY,C,9FS0,1,18,-6.227,0.926,
9FS0_A1IFY,C,9FS0,1,19,-6.19,1.154,
9FS0_A1IFY,C,9FS0,1,20,-5.866,1.364,
9FS0_A1IFY,C,9FS0,2,1,-8.667,1.046,True
9FS0_A1IFY,C,9FS0,2,2,-8.477,1.512,
9FS0_A1IFY,C,9FS0,2,3,-8.15,1.006,
9FS0_A1IFY,C,9FS0,2,4,-7.538,1.326,
9FS0_A1IFY,C,9FS0,2,5,-7.292,1.089,
9FS0_A1IFY,C,9FS0,2,6,-7.073,1.142,
9FS0_A1IFY,C,9FS0,2,7,-7.059,1.034,
9FS0_A1IFY,C,9FS0,2,8,-6.936,1.295,
9FS0_A1IFY,C,9FS0,2,9,-6.88,1.186,
9FS0_A1IFY,C,9FS0,2,10,-6.868,0.827,
9FS0_A1IFY,C,9FS0,2,11,-6.783,1.018,
9FS0_A1IFY,C,9FS0,2,12,-6.622,1.129,
9FS0_A1IFY,C,9FS0,2,13,-6.596,0.972,
9FS0_A1IFY,C,9FS0,2,14,-6.431,1.247,
9FS0_A1IFY,C,9FS0,2,15,-6.422,1.054,
9FS0_A1IFY,C,9FS0,2,16,-6.412,0.877,
9FS0_A1IFY,C,9FS0,2,17,-6.364,1.36,
9FS0_A1IFY,C,9FS0,2,18,-6.337,1.435,
9FS0_A1IFY,C,9FS0,2,19,-6.229,1.143,
9FS0_A1IFY,C,9FS0,2,20,-5.997,1.109,
