apo_pdb,error,frac_access_disp_structured,gate_primary_pass,gate_secondary_pass,global_ca_rmsd_A,global_rmsd_A,holo_pdb,ligand,mean_lig_bfactor,mean_lig_occupancy,min_lig_occupancy,motion_type,n_access_residues,n_contact_residues,n_lig_atoms,n_matched,n_matched_ca,pocket_ca_rmsd_access_A,pocket_ca_rmsd_contact_A,set
3PPN,ligand_not_found,,,,,1.244,3PPR,CS,,,,id,,,,269,,,,validation
4W51,ligand_not_found,,,,,0.703,4W58,H2,,,,ssc,,,,164,,,,validation
4I92,,0.331,False,False,1.047,,4I94,ANP,13.1,1.0,1.0,id,57,19,31,,289,1.149,1.104,test
6E5D,,0.906,False,True,0.793,,6E5F,L6T,74.0,1.0,1.0,ssm,57,25,81,,173,0.968,0.955,validation
5H9A,,0.391,False,False,1.148,,6E5L,HVD,13.8,1.0,1.0,loop,72,28,53,,139,1.317,1.429,test
4IC4,,0.558,False,False,0.761,,4INQ,PIF,49.1,1.0,1.0,loop,87,30,43,,372,1.285,1.458,validation
1EZM,,0.463,False,False,1.244,,3DBK,RDF,10.9,1.0,1.0,id,62,21,37,,298,1.326,1.506,validation
1S2O,,0.658,True,True,3.336,,1U2S,GLC,43.2,1.0,1.0,id,49,14,12,,244,3.163,3.096,validation
1TVQ,,0.55,False,False,1.162,,1TW4,CHD,21.9,1.0,1.0,ssm,59,19,29,,125,1.443,1.625,test
2OY4,,0.183,False,False,0.836,,3DPF,AXB,22.6,1.0,1.0,loop,42,26,37,,157,1.421,1.345,validation
5NIA,,0.398,True,False,2.138,,5NI6,DJ3,38.4,0.52,0.52,"ssm, loop",75,34,52,,607,2.006,2.19,test
1Y1A,,0.704,True,True,2.661,,1Y1A,GSH,97.2,0.5,0.5,ssc,10,2,3,,183,3.631,3.5,validation
3NX1,,0.437,False,False,0.883,,3NX2,FER,42.4,1.0,1.0,ssm,35,11,14,,162,1.648,2.052,test
1KX9,,0.86,False,True,1.798,,1N8V,BDD,22.6,1.0,1.0,ssm,48,13,14,,93,1.343,1.347,test
5NZM,,0.525,True,False,2.603,,2OEG,UPG,17.4,1.0,1.0,id,74,27,36,,482,2.158,2.367,test
6YPK,ligand_not_found,,,,,1.239,5OSZ,AHK:403,,,,ssc,,,,327,,,,test
2CEY,,0.648,True,True,2.859,,6H76,SLB,15.0,1.0,1.0,id,61,18,21,,306,3.221,2.873,test
1URP,,0.461,True,False,4.062,,2DRI,RIP,5.0,1.0,1.0,id,55,15,20,,271,3.571,3.495,test
3FVJ,,0.727,True,True,1.47,,2B03,TUD,57.1,1.0,1.0,ssc,51,21,34,,124,2.111,2.174,validation
3UGK,,0.314,True,False,3.184,,3UH1,NAI,21.3,1.0,1.0,"id, loop",81,36,44,,367,3.23,3.023,test
2ZKU,,0.334,True,False,1.253,,3VQS,JT1,25.9,1.0,1.0,loop,86,31,47,,551,2.876,2.42,test
5ZA4,,0.43,True,False,3.435,,5YYB,NGE,33.9,1.0,1.0,id,72,24,40,,482,4.223,3.999,test
4V38,ligand_not_found,,,,,3.74,4V3B,C,,,,id,,,,388,,,,test
3P53,,0.685,True,True,3.979,,6I11,H0H,29.6,1.0,1.0,id,51,16,27,,484,5.253,4.556,test
2HQ8,,0.764,True,True,4.018,,2HPS,CTZ,14.2,1.0,1.0,ssm,77,25,32,,182,3.35,3.144,test
2W9T,,0.296,True,False,1.626,,2W9S,NDP,26.1,1.0,1.0,loop,64,33,48,,157,2.332,2.796,test
4R72,,0.622,True,True,4.117,,4R74,F6P,14.2,0.15,0.15,id,61,24,16,,318,4.461,4.883,test
3QXW,,0.702,False,True,1.047,,3QXV,MTX,64.5,1.0,1.0,ssc,44,20,33,,123,1.63,2.321,test
3KJE,,0.326,True,False,1.632,,3KJG,ADP,42.8,1.0,1.0,ssc,46,21,27,,254,2.642,2.805,validation
2LAO,,0.556,True,False,4.755,,1LAH,ORN,12.5,1.0,1.0,id,46,15,9,,238,4.963,5.186,test
4P0I,,0.587,True,False,4.986,,5OTA,AQQ,26.2,1.0,1.0,id,60,21,14,,254,5.337,5.386,validation
1KMO,ligand_not_found,,,,,1.788,1KMP,CIT-2xFe,,,,"ssc, loop",,,,647,,,,test
1J8F,,0.415,True,False,3.417,,6QCN,AR6,35.3,1.0,1.0,id,64,26,36,,300,4.098,4.055,validation
5UXA,ligand_not_found,,,,,2.662,5IGY,GDP-Ca,,,,"ssc, ssm, id",,,,295,,,,validation
6HB0,,0.463,True,False,6.034,,6HBD,GZL,48.1,1.0,1.0,"id, ssc",59,17,24,,302,4.661,4.514,test
2FJY,,0.353,True,False,5.606,,2P70,PRZ,54.4,1.0,1.0,lr,48,13,12,,126,7.537,7.778,test
5G1M,ligand_not_found,,,,,3.178,5G3R,A,,,,"ssc, loop",,,,333,,,,test
6RVM,ligand_not_found,,,,,10.59,5XDT,ZI7-Ca,,,,lr,,,,304,,,,validation
1K3F,ligand_not_found,,,,,2.032,1U1D,,,,,loop,,,,250,,,,validation
1OK8,,0.632,True,True,11.894,,1OKE,BOG,114.2,1.0,1.0,ssc,52,17,20,,380,8.584,8.206,validation
2OHG,,0.679,False,True,0.898,,2OHV,NHL,54.3,1.0,1.0,loop,58,20,21,,258,1.37,1.313,validation
2WGB,,0.814,True,True,4.514,,2V57,PRL,25.8,1.0,1.0,lr,40,13,16,,169,4.58,4.121,validation
3RWV,ligand_not_found,,,,,1.088,3S0K,F,,,,ssm,,,,203,,,,validation
2FD7,missing_pdb_file,,,,,,n/a,n/a,,,,n/a,,,,,,,,test
4HJK,missing_pdb_file,,,,,,n/a,n/a,,,,n/a,,,,,,,,validation
1IGD,missing_pdb_file,,,,,,n/a,n/a,,,,n/a,,,,,,,,validation
4TQL,missing_pdb_file,,,,,,n/a,n/a,,,,n/a,,,,,,,,test
2ALP,missing_pdb_file,,,,,,n/a,n/a,,,,n/a,,,,,,,,test
1AMM,missing_pdb_file,,,,,,n/a,n/a,,,,n/a,,,,,,,,test
