pdbid,status,ligand_resname
4llx,ok,5ZE
5c28,ok,4XV
3uuo,FAIL_bond_order_assignment,0CV
3ui7,ok,C1L
5c2h,ok,4XU
2v00,ok,V15
3wz8,ok,IXV
3pww,ok,ROC
3prs,ok,RIT
3uri,FAIL_bond_order_assignment,13E
4m0z,ok,M0Z
4m0y,ok,M0Y
3qgy,ok,PQC
4qd6,ok,30T
4rfm,ok,3P6
4cr9,ok,OTW
4cra,ok,XJ8
4x6p,FAIL_bond_order_assignment,3YU
4crc,ok,OTM
4ty7,ok,39F
5aba,ok,UL7
5a7b,ok,KMN
4agn,ok,NXG
4agp,ok,P51
4agq,ok,P96
3bgz,ok,VX3
3jya,ok,LWG
2c3i,ok,IYZ
4k18,ok,1OB
5dwr,FAIL_bond_order_assignment,5H7
3mss,ok,STI
3k5v,ok,STI
3pyy,ok,STI
2v7a,ok,627
4twp,ok,AXI
3wtj,ok,TH4
3zdg,ok,XRX
3u8k,ok,09P
4qac,ok,KK3
3u8n,ok,09S
1a30,FAIL_no_ligand_group,
2qnq,ok,QN3
1g2k,ok,NM1
1eby,ok,BEB
3o9i,ok,A61
4lzs,ok,L46
3u5j,ok,08H
4wiv,ok,3P2
4ogj,ok,2TA
3p5o,ok,EAM
1ps3,ok,KIF
3dx1,ok,YHO
3d4z,ok,GIM
3dx2,ok,MZB
3ejr,ok,HN4
3l7b,ok,DKZ
4eky,ok,D1J
3g2n,ok,OAK
3syr,ok,GPK
3ebp,ok,CPB
2w66,ok,HQ6
2w4x,ok,STZ
2wca,ok,NP6
2xj7,ok,GC2
2vvn,ok,NHT
3aru,ok,PNX
3arv,ok,SAU
3ary,ok,I5I
3arq,ok,DM5
3arp,ok,DEQ
4ih5,ok,12R
4ih7,ok,1ER
3cj4,ok,SX5
4eo8,ok,0S3
3gnw,ok,XNC
1gpk,ok,HUP
1gpn,ok,HUB
1h23,ok,E12
1h22,ok,E10
1e66,ok,HUX
3f3a,ok,TRP
3f3c,ok,PFF
4mme,ok,29Q
3f3d,ok,MET
3f3e,ok,LEU
2wbg,ok,LGS
2cbv,ok,CGB
2j78,ok,GOX
2j7h,ok,AZF
2cet,ok,PGI
3udh,ok,091
3rsx,ok,RSV
4djv,FAIL_bond_order_assignment,0KM
2vkm,ok,BSD
4gid,ok,0GH
4jfs,ok,16Z
4j28,ok,EAT
2wvt,ok,FHN
2xii,ok,TA9
4pcs,ok,2M7
3rr4,ok,HRD
1s38,ok,MAQ
1r5y,ok,DQU
3gc5,ok,2MQ
3ge7,ok,AFQ
4dli,ok,IRG
2zb1,ok,GK4
4f9w,ok,LM4
3e92,ok,G6A
3e93,ok,19B
4owm,ok,PRP
3twp,ok,PRP
3r88,ok,PRP
4gkm,ok,PRP
3qqs,ok,PRP
3gv9,ok,GV9
3gr2,ok,GF4
4kz6,ok,ZB6
4jxs,ok,18U
2r9w,ok,23C
2hb1,ok,512
1bzc,ok,TPI
2qbr,ok,910
2qbq,ok,4B3
2qbp,ok,527
1q8t,ok,Y27
1ydr,ok,IQP
1q8u,ok,H52
1ydt,ok,IQB
3ag9,FAIL_bond_order_assignment,A02
3fcq,ok,M3S
1z9g,ok,RRT
1qf1,ok,TI1
5tmn,ok,0PJ
4tmn,ok,0PK
4ddk,ok,0HN
4ddh,ok,MS0
3ivg,ok,FG5
3coz,ok,54H
3coy,ok,53H
3pxf,ok,2AN
4eor,ok,4SP
2xnb,ok,Y8L
1pxn,ok,CK6
2fvd,ok,LIA
4k77,ok,1Q4
4e5w,FAIL_bond_order_assignment,0NT
4ivb,ok,1J5
4ivd,ok,15T
4ivc,ok,1J6
4f09,ok,JAK
4gfm,ok,0X2
4hge,ok,15V
4e6q,ok,0NV
4jia,ok,1K3
2brb,ok,PFQ
2br1,ok,PFP
3jvr,ok,AGX
3jvs,ok,AGY
1nvq,ok,UCN
3acw,ok,651
4ea2,ok,RWZ
2zcr,ok,B69
2zy1,ok,830
2zcq,ok,B65
1bcu,ok,PRL
3bv9,FAIL_bond_order_assignment,4PH
1oyt,ok,FSN
2zda,ok,32U
3utu,FAIL_bond_order_assignment,1TS
3u9q,ok,DKA
2yfe,ok,YFE
3fur,ok,Z12
3b1m,ok,KRC
2p4y,ok,C03
3uo4,ok,0C0
3up2,ok,0C8
3e5a,ok,VX6
2wtv,ok,ZZL
3myg,ok,EML
3kgp,ok,4AZ
1c5z,FAIL_bond_order_assignment,BEN
1o5b,FAIL_bond_order_assignment,ESI
1owh,FAIL_bond_order_assignment,239
1sqa,ok,UI1
4jsz,ok,FB2
3kwa,ok,SPM
2weg,ok,FBV
3ryj,ok,RYJ
3dd0,ok,EZL
2xdl,ok,2DL
3b27,ok,B2T
1yc1,ok,4BC
3rlr,ok,3RR
2yki,ok,YKI
1z95,ok,198
3b68,ok,B68
3b5r,ok,B5R
3b65,ok,3B6
3g0w,ok,LGB
4u4s,ok,3C1
1p1q,ok,AMQ
1syi,ok,CPW
1p1n,ok,KAI
2al5,ok,4MP
3g2z,ok,GZ2
3g31,ok,GF1
4de2,ok,DN3
4de3,ok,DN8
4de1,ok,0J6
1vso,ok,AT1
4dld,ok,TZG
3gbb,ok,MS8
3fv2,ok,NDZ
3fv1,ok,DYH
4mgd,ok,27N
2qe4,ok,JJ3
1qkt,ok,EST
2pog,ok,WST
2p15,ok,EZT
2y5h,FAIL_bond_order_assignment,Y5H
1lpg,ok,IMA
2xbv,ok,XBV
1z6e,ok,IK8
1mq6,ok,XLD
1nc3,ok,FMC
1nc1,ok,MTH
1y6r,ok,MTM
4f2w,ok,TDI
4f3c,ok,BIG
1uto,ok,PEA
4abg,ok,91B
3gy4,ok,PBZ
1k1i,FAIL_bond_order_assignment,FD1
1o3f,FAIL_bond_order_assignment,696
2yge,FAIL_bond_order_assignment,GDM
2fxs,ok,RDA
2iwx,ok,M1S
2wer,ok,RDC
2vw5,ok,BC6
4kzq,ok,DFL
4kzu,ok,A73
4j21,ok,AJ6
4j3l,ok,AJ5
3kr8,ok,XAV
2ymd,ok,SRO
2wnc,ok,TKT
2xys,ok,SY9
2wn9,ok,ZY5
2x00,ok,GYN
3ozt,ok,OZZ
3ozs,ok,OZS
3oe5,ok,611
3oe4,ok,610
3nw9,ok,637
3ao4,ok,833
3zt2,ok,ZT2
3zsx,ok,N44
4cig,ok,X0P
3zso,ok,O2N
3n7a,ok,FA1
4ciw,ok,XH2
3n86,ok,RJP
3n76,ok,CA2
2xb8,ok,XNW
4bkt,ok,QD0
4w9c,ok,3JG
4w9l,ok,3JJ
4w9i,ok,3JS
4w9h,ok,3JF
3nq9,ok,OCA
3ueu,ok,DAO
3uev,FAIL_no_ligand_group,
3uew,FAIL_no_ligand_group,
3uex,ok,STE
3lka,ok,M4S
3ehy,ok,TBL
3tsk,ok,QEG
3nx7,ok,NHK
4gr0,ok,R4B
3dxg,ok,U5P
3d6q,ok,U3S
1w4o,ok,UA3
1o0h,ok,ADP
1u1b,ok,PAX
