pdbid,pKd,vina,vinardo,hac,buried_sasa_C,buried_sasa_N,buried_sasa_O,buried_sasa_S,buried_sasa_X,buried_sasa_total,buried_unsatisfied_acceptors,buried_unsatisfied_donors,clogp,contact_C_0_2,contact_C_2_4,contact_C_4_6,contact_C_6_8,contact_N_0_2,contact_N_2_4,contact_N_4_6,contact_N_6_8,contact_O_0_2,contact_O_2_4,contact_O_4_6,contact_O_6_8,contact_S_0_2,contact_S_2_4,contact_S_4_6,contact_S_6_8,contact_X_0_2,contact_X_2_4,contact_X_4_6,contact_X_6_8,fraction_csp3,hba,hbd,hbond_count,mw,n_acceptors,n_donors,polar_satisfaction_fraction,ring_count,rotatable_bonds,tpsa,vina_gauss1,vina_gauss2,vina_hbond,vina_hydrophobic,vina_repulsion
4llx,2.89,-5.022,-4.072,9,199.59371666051592,69.8548011368997,0.0,0.0,23.963131188501777,293.4116489859174,1,0,0.6756399999999999,0,23,118,340,0,16,72,213,0,0,0,0,0,0,0,0,0,14,60,146,0.3333333333333333,3,1,2,123.15900000000002,2,1,0.6666666666666666,1,0,51.8,56.72430658603158,728.2243758945036,1.1151379195485323,56.30675358108353,1.8106295032279789
5c28,5.66,-6.158,-4.644,12,227.49312369512626,50.294933417815116,0.0,0.0,84.79441226813577,362.5824693810771,1,1,1.89802,0,35,200,510,0,10,60,195,0,0,0,0,0,0,0,0,0,10,75,190,0.5,3,1,1,183.642,2,1,0.3333333333333333,2,1,51.8,74.59073875093628,937.4708158281124,0.2866022481285377,92.20992975673806,2.7863141412398664
3ui7,9.0,-8.441,-5.562,24,367.5731503124437,57.53096883670068,23.81340215524957,0.0,13.086925920133762,462.0044472245277,3,0,2.56874,0,49,352,869,1,15,93,259,0,5,25,89,0,0,0,0,0,5,30,74,0.4444444444444444,5,1,3,326.3999999999999,5,1,0.5,4,3,63.27000000000001,106.86053155978288,1376.1683649903841,1.7112016866192385,139.66481568468245,6.109800116016819
5c2h,11.09,-9.633,-6.717,31,503.770881057993,40.621871479839754,7.744840756111966,23.806326126056263,80.2814614247315,656.2253808447325,3,1,5.683660000000006,0,88,590,1321,1,19,104,292,0,4,21,43,0,2,25,59,0,7,54,128,0.30434782608695654,7,1,2,453.9990000000002,5,1,0.3333333333333333,4,8,72.82000000000001,169.18068991625455,2026.6959753178817,1.0000700498573531,211.89069916444532,8.213427097903526
2v00,3.66,-6.727,-5.072,16,245.95674729087932,61.424545425199184,36.760998569094326,0.0,32.351870510754736,376.49416179592754,1,0,1.1373,0,43,270,755,0,23,97,178,0,11,21,40,0,0,0,0,2,27,91,166,0.16666666666666666,3,2,3,215.25599999999997,2,2,0.75,2,3,71.77000000000001,91.0562707268113,1253.8412632756558,2.167504860227126,86.38381840444926,5.0151304722702665
3wz8,5.82,-9.002,-6.974,33,482.4396014066915,8.357263952661059,50.830099308555006,31.1141033753973,16.993146126614093,589.7342141699191,0,1,5.7858000000000045,0,82,591,1360,0,9,72,139,0,23,37,79,0,4,23,37,2,11,57,162,0.1111111111111111,4,3,4,455.58300000000014,2,3,0.8,4,9,70.23,147.61165773444034,1969.024444343743,1.8643769636118002,166.642074621269,5.667858557864579
3pww,7.32,-10.631,-8.291,49,607.1761408233662,19.734869762333673,109.9519525404357,0.0,24.372081004710566,761.2350441308458,4,2,3.0924000000000023,0,91,753,1907,0,14,121,280,1,28,111,221,0,0,0,0,2,24,113,289,0.5,7,5,6,670.8549999999998,7,5,0.5,5,12,166.75,173.21852001098443,2921.834434910331,4.465934519574681,212.45034974795954,8.417843558994809
3prs,7.82,-8.405,-6.356,50,615.4966126402197,17.20551402508518,94.5690877153094,72.15582490070648,20.283842731872525,819.7108820131932,4,0,5.905200000000006,0,80,746,1822,0,12,122,263,0,40,109,231,0,2,47,100,0,30,95,219,0.43243243243243246,9,4,7,720.9619999999999,7,4,0.6363636363636364,4,17,145.78000000000003,184.76771918197284,2909.0883617046406,4.049248480730568,189.52666853857522,7.124048395431862
4m0z,5.19,-10.599,-7.412,24,345.748821976803,92.28944012039766,77.53400977152617,0.0,42.85925694498757,558.4315288137143,2,0,1.6236,0,65,514,1029,0,34,158,300,1,18,104,195,0,0,0,0,3,58,168,281,0.0625,4,3,5,325.3279999999998,4,3,0.7142857142857143,3,4,125.26,161.58587450636398,2083.773423210388,4.191353744280831,175.71298599438987,10.486190615536545
4m0y,6.46,-7.246,-4.807,22,267.9403153811262,92.07201015345274,49.485464257353485,0.0,35.57328866843803,445.07107846037025,2,0,1.6149999999999993,0,51,321,732,0,20,135,275,1,13,52,96,0,0,0,0,0,37,151,241,0.0,3,3,4,295.302,3,3,0.6666666666666666,3,3,116.02999999999999,107.210887229925,1526.2207449141274,2.6206900945576415,89.87325995278547,5.573967323524959
3qgy,7.8,-8.296,-5.368,30,368.98749284274294,35.36521150586066,58.86893936474295,30.189693403405453,13.355287488740768,506.76662460549284,4,1,4.902500000000004,0,56,453,1129,1,18,97,226,0,6,26,71,0,3,30,91,0,16,59,153,0.0,6,2,2,432.53000000000014,5,2,0.2857142857142857,5,4,97.97,106.42517021416838,1796.308413820677,1.620888621848621,140.84213578155564,6.406493247181518
4qd6,8.64,-8.777,-5.984,35,435.70902933507773,53.37026015525998,46.49078880738506,0.18023645137803967,20.805496280293138,556.5558110293941,4,1,4.763500000000004,0,58,516,1318,1,29,122,272,0,7,41,114,0,1,16,31,1,21,98,182,0.23076923076923078,7,4,4,489.60100000000034,5,4,0.4444444444444444,5,7,120.0,127.98110849366992,2090.3912422584517,2.2128332241089987,163.1011573794052,8.331474935970656
4rfm,10.05,-11.801,-9.531,36,339.22188168339073,54.19205975142687,61.37078082385338,1.4433114306582469,84.56352543498991,540.7915591243193,4,0,3.7852000000000032,0,53,479,1256,1,26,144,251,0,9,57,156,0,0,13,41,1,28,127,246,0.48,5,2,3,515.5860000000004,5,2,0.42857142857142855,6,5,109.73999999999998,141.3277659848069,2130.4814072327267,2.1545423324417516,188.35701544844946,5.081311602128785
4cr9,4.1,-5.802,-4.576,13,192.39240668956376,74.49210340768734,0.0,0.0,31.12232237100798,298.00683246825906,1,1,1.7076199999999997,0,42,328,593,0,21,90,178,0,0,0,0,0,0,0,0,0,25,113,227,0.1,3,2,1,173.219,1,2,0.3333333333333333,2,0,64.92999999999999,83.60072240892559,1154.7945039196657,0.22775218761992036,75.25820469937815,1.3791263589547698
4cra,7.22,-9.52,-7.298,38,414.1972302405949,63.85790671219716,100.42407227919625,0.0,40.07367506261956,618.5528842946078,3,2,3.0216000000000003,0,67,692,1498,0,23,160,269,1,24,78,149,0,0,0,0,1,33,166,333,0.10344827586206896,6,5,5,507.55000000000024,5,5,0.5,5,7,150.2,149.50422066672306,2549.5245595852,4.533878621403244,158.3660906728113,5.348747325776107
4crc,8.72,-9.69,-7.262,39,390.7892750492713,135.56888358377884,39.56668809303488,0.0,94.62566909621282,660.5505158222979,5,3,2.8752000000000004,0,107,700,1391,0,38,229,475,2,17,42,84,0,0,0,0,0,27,115,210,0.07692307692307693,8,3,3,540.9750000000001,8,3,0.2727272727272727,5,9,156.26,193.5675459129668,2490.7516383014245,2.702837279048632,179.38555854280102,7.475478254195845
4ty7,9.52,-9.618,-7.258,35,385.60268237879967,118.39553281520166,26.03560127480967,0.0,69.42339616727133,599.4572126360824,1,3,4.353700000000001,0,80,661,1345,0,33,162,327,0,13,23,57,0,0,0,0,2,45,186,337,0.34615384615384615,5,5,5,492.02700000000016,4,5,0.5555555555555556,5,7,138.5,164.23568400520824,2374.441585939009,4.014702582741464,150.99190705406215,6.127863950100865
5aba,2.98,-5.187,-3.367,23,194.37361312355932,0.0,12.066062675158221,0.0,173.37344231879214,379.8131181175097,4,2,3.2292000000000023,0,36,322,608,0,3,25,74,0,4,30,71,0,0,0,0,0,18,102,176,0.6470588235294118,4,2,0,403.74800000000005,4,2,0.0,3,3,46.94,87.60877450927866,1077.057315047594,0.0,109.84848589334746,3.684794784392116
5a7b,3.57,-6.855,-5.514,31,458.4575734478788,0.47480719295208607,26.244944164068915,0.0,5.61290019550601,490.79022500040577,4,1,4.110200000000003,0,67,594,976,0,3,27,73,0,6,64,94,0,0,0,0,0,5,30,63,0.4074074074074074,4,1,0,416.5650000000002,4,1,0.0,3,7,35.940000000000005,137.2593506003082,1440.7025436423278,0.0,192.582844579483,4.324824906512707
4agn,3.97,-5.619,-4.548,24,293.18741735267974,0.46744026199703326,45.13283409214735,0.0,122.20319033574191,460.9908820425661,4,1,2.646800000000001,0,46,418,700,0,1,26,76,0,9,64,86,0,0,0,0,0,17,105,148,0.5789473684210527,4,2,1,442.34100000000007,4,2,0.16666666666666666,2,5,46.94,114.69304032693444,1223.2792619598802,0.7010974143689966,140.12211196461348,4.046954341508662
4agp,4.69,-6.358,-5.116,30,352.38182780921375,1.1579567732048068,21.3679443600474,0.0,111.32028345385206,486.22801239631804,4,1,4.733500000000005,0,53,512,872,0,2,23,79,0,6,65,90,0,0,0,0,0,11,73,118,0.44,4,1,0,518.4390000000002,4,1,0.0,3,7,35.940000000000005,130.31642700704066,1374.5158233740228,0.0,176.79386787684345,4.31884380665014
4agq,5.01,-6.588,-5.345,30,351.9413663223528,9.055998585328133,11.572365487155716,0.0,120.87866148207247,493.448391876909,3,1,4.766600000000005,0,58,511,879,0,4,65,110,0,3,29,59,0,0,0,0,0,16,107,154,0.44,4,2,1,517.455,3,2,0.2,3,7,38.74,133.75393675951554,1437.9724762216672,0.2018857905075303,177.49465342341543,4.141115649143945
3bgz,6.26,-10.277,-8.352,24,394.2056308301178,5.536756281413691,69.81717408533609,0.0,8.195510982021148,477.75507217888867,0,2,5.200100000000003,0,44,410,1243,0,2,20,67,1,16,58,117,0,0,0,0,0,11,57,131,0.0,1,2,2,313.35600000000005,2,2,0.5,4,3,53.089999999999996,94.51381994006216,1620.0772485268403,1.4021214664417359,160.32567874116444,4.301346810518305
3jya,6.89,-7.491,-4.572,16,166.02896904037726,14.64438651010767,38.89862081196613,32.943500381767194,139.30185977885927,391.81733652307753,2,1,3.444600000000001,0,21,195,724,0,11,44,130,0,7,23,66,0,1,23,77,0,16,88,156,0.0,3,1,0,271.12800000000004,2,1,0.0,3,0,45.75,73.54022569487708,1169.7824554883412,0.0,106.50589360714567,2.712612224099966
2c3i,7.6,-8.543,-6.317,23,401.34807239872384,28.024770660083462,36.22647834384572,0.0,7.070408129270156,472.66972953192317,2,1,3.4208000000000016,0,43,425,1081,0,13,87,253,0,3,20,68,0,0,0,0,0,5,16,73,0.2777777777777778,4,1,1,306.3690000000001,3,1,0.25,4,5,59.29,103.46683807400478,1537.6407866452064,0.47930879404577825,160.91719366750885,4.317266110801577
3mss,4.66,-12.312,-9.134,37,705.8140212673716,47.94332245265444,25.78699835739808,0.0,12.635507605276812,792.1798496827009,4,0,4.590320000000003,0,87,755,1818,1,25,152,460,1,8,25,54,0,0,0,0,0,12,46,131,0.2413793103448276,7,2,4,493.61500000000035,6,2,0.5,5,7,86.28,195.33360597738445,2652.635799991642,3.066241511543973,250.94244766851415,8.456769662554107
3k5v,6.3,-12.044,-8.868,37,699.5995958343271,47.865177147853444,25.258549138648046,0.0,12.262703188717682,784.9860253095461,4,0,4.590320000000003,0,95,757,1813,1,29,156,439,1,8,26,52,0,0,0,0,0,11,46,137,0.2413793103448276,7,2,4,493.61500000000035,6,2,0.5,5,7,86.28,202.00845541335843,2639.6112913555557,3.2666907494114743,256.4623007713621,9.585425919292744
3pyy,6.86,-12.314,-9.404,37,683.9189724672954,49.38096880560088,25.393808744332805,0.0,12.626047496924016,771.3197975141533,4,0,4.590320000000003,0,88,740,1773,1,22,155,450,1,8,25,49,0,0,0,0,0,13,43,130,0.2413793103448276,7,2,4,493.61500000000035,6,2,0.5,5,7,86.28,192.41629537608645,2594.5718934491465,2.980932035781616,248.86301982847897,7.888558996052756
2v7a,8.3,-9.15,-6.393,35,466.4952614336615,55.705314986295726,51.61355715330374,0.0,16.490840204745826,590.3049737780067,2,0,2.643700000000001,0,54,535,1322,1,18,130,294,0,12,62,179,0,0,0,0,1,16,73,90,0.34615384615384615,6,2,5,474.5650000000002,5,2,0.7142857142857143,5,6,93.8,122.67386073682631,2065.884227359722,2.2392939918222967,149.83255501852065,4.6026717591702955
3wtj,6.53,-6.655,-4.533,16,254.96599918885252,80.61040617609886,0.0,40.68703744864263,86.92245206870106,463.18589488229503,3,0,2.1208799999999997,0,47,333,679,1,23,139,268,0,0,0,0,0,4,39,80,0,8,46,56,0.3,4,0,1,252.72999999999996,4,0,0.25,2,2,52.28,106.18273174560181,1241.5603943617816,1.0,122.59502100051418,6.0906627002472185
3zdg,7.1,-5.023,-3.233,13,380.1886743809628,0.6376866855644919,32.14177382726494,0.0,0.0,412.9681348937923,3,0,1.0248,0,52,299,654,0,5,79,134,0,10,67,147,0,0,0,0,0,0,0,0,0.8888888888888888,3,0,0,188.271,3,0,0.0,0,4,32.78,88.13334492881289,1045.5591833007168,0.0,118.59278838711394,3.6337862280324065
3u8k,8.66,-4.852,-2.603,16,298.2850599169193,41.97362460450017,9.371392245788405,0.0,nan,nan,2,0,1.2799999999999998,0,40,294,669,0,14,110,196,0,4,26,69,0,0,0,0,1,38,147,390,0.5833333333333334,4,1,2,221.304,3,1,0.5,2,3,37.39,111.90967822575516,1460.0549459937542,2.26391992437285,100.19109880517914,5.995674818362492
4qac,9.4,-10.456,-10.0,24,362.71557745493965,63.92504861586896,0.0,0.0,133.47749586343375,560.1181219342425,2,0,3.9809000000000028,0,55,529,1037,0,28,133,246,0,0,0,0,0,0,0,0,2,32,190,327,0.4117647058823529,4,1,1,336.361,2,1,0.3333333333333333,3,2,55.040000000000006,157.59025503295933,1831.7219295502848,1.6794617113976908,227.19031945676394,6.819956522745898
3u8n,10.17,-4.931,-2.721,17,269.343745819142,35.771458506999835,2.19745399743077,0.0,nan,nan,2,0,2.0424999999999995,0,47,306,695,0,17,107,199,0,2,32,68,0,0,0,0,1,51,197,446,0.5833333333333334,4,1,2,300.2000000000001,3,1,0.5,2,3,37.39,136.20239746378445,1566.6396302954329,2.4420540399603543,126.54390836253036,9.054333155988525
2qnq,6.11,-8.876,-5.502,41,521.6555576525046,11.623583781576379,75.37964881776452,2.1618648044166804,90.94414761015815,701.7648026664205,6,0,5.415800000000005,0,77,678,1776,0,7,65,173,0,19,92,216,0,5,44,110,1,24,80,156,0.2,5,1,2,630.6190000000004,7,1,0.25,5,10,86.78999999999999,147.99935345555977,2663.437076119984,3.4141190704678497,192.2960145305509,12.62298111861196
1g2k,7.96,-9.518,-6.915,45,663.8440969022417,5.629229880299271,142.0573310530241,0.6080915083125222,nan,nan,5,1,3.2258000000000013,0,80,819,1765,0,2,76,144,3,55,161,372,0,2,25,52,0,42,156,383,0.2647058823529412,7,3,6,631.7510000000001,9,3,0.5,5,11,128.64000000000001,195.57844575866386,3059.494435082922,4.576036371834932,203.2327708981239,8.671651108264196
1eby,9.7,-11.728,-9.421,48,720.2844393269961,1.0296236537235877,130.919342097723,0.0,30.663445997227072,882.8968510756697,6,0,2.427999999999998,0,109,1057,2090,0,4,44,121,0,46,180,448,0,0,0,0,3,49,144,320,0.3157894736842105,8,6,8,652.7440000000001,8,6,0.5714285714285714,6,13,157.57999999999998,215.85645567503505,3344.8779920782754,5.247468224728921,258.60987402601904,9.993300927825828
3o9i,11.82,-9.596,-7.556,42,569.6221365319624,23.819776454353047,113.76590437922572,34.75408939569444,16.63861812879759,758.6005248900332,6,0,4.183000000000003,0,77,780,1665,0,12,66,175,1,52,149,392,0,3,44,105,0,21,45,114,0.5333333333333333,9,2,5,617.7900000000003,9,2,0.45454545454545453,5,13,127.29,185.8481028868969,2723.1300982216603,4.109099176470626,196.77972104977306,6.388134432636277
4lzs,4.8,-6.303,-5.043,15,278.4945449662106,16.334295572339197,51.58016272371555,0.0,15.652028511620617,362.06103177388593,1,0,1.44772,0,29,247,599,0,10,51,109,1,6,46,101,0,0,0,0,1,11,62,99,0.45454545454545453,2,2,3,208.261,2,2,0.75,1,3,61.96,68.8401520355307,1020.2520621330606,1.3709779916202152,85.65782653131683,2.7423379577606974
3u5j,5.61,-8.722,-7.06,22,296.0047815333499,64.90622960570711,0.0,0.0,52.40730581020698,413.318316949264,3,0,3.5801200000000017,0,35,330,797,0,14,89,228,0,0,0,0,0,0,0,0,0,2,18,39,0.11764705882352941,3,0,0,308.772,3,0,0.0,4,1,43.07,84.6521045390769,1160.4610157111879,0.0,134.87546701156995,1.7083790632807534
4wiv,6.26,-7.662,-6.093,27,350.354895947845,42.090694697096254,18.62508041793895,0.0,0.0,411.07067106288025,3,1,4.8785400000000045,0,40,308,822,0,7,54,151,0,5,33,60,0,0,0,0,0,0,2,29,0.2857142857142857,5,1,1,361.44900000000007,4,1,0.2,4,3,68.25,81.26598027821161,1124.455741077435,0.24758422039047356,124.932910567656,1.7913595064107775
4ogj,6.79,-8.446,-5.913,37,514.7288428446868,32.38331798791268,41.15267888151995,0.3832314972630492,8.415683609346942,597.0637548207292,6,1,4.823620000000004,0,54,463,1256,1,14,108,307,0,4,36,126,0,0,10,44,1,12,66,133,0.4074074074074074,8,3,3,524.6910000000003,7,3,0.3,4,10,108.47999999999999,114.8402721893623,1983.5145114536847,1.5444348876853624,162.63647292018567,4.058919262112041
3p5o,7.3,-8.621,-6.13,30,334.68054976719185,61.258774788872955,29.050608878269344,0.0,54.89951586623657,479.8894493005706,4,1,3.6560200000000016,0,44,385,992,0,17,97,269,0,4,31,70,0,0,0,0,0,4,34,63,0.2727272727272727,5,1,1,423.90400000000017,5,1,0.16666666666666666,4,5,81.4,103.01487050022806,1500.0679635653335,0.6003068288799986,153.0063908126004,3.507001306213718
1ps3,2.28,-7.278,-6.546,16,122.5601891943955,8.280170916154995,157.36793221704443,0.0,40.74092513582114,328.949217463416,3,0,-4.271899999999997,0,50,261,502,0,7,54,121,1,53,185,374,0,0,0,0,2,49,162,335,0.75,6,5,8,232.19199999999998,6,5,0.7272727272727273,2,1,130.32999999999998,132.33575049881296,1505.8449709645288,7.1134133245808036,76.95565418644193,8.793761733009141
3dx1,3.58,-5.932,-5.945,9,108.4156969057686,24.58020825614653,86.33689660160766,0.0,54.74356900808196,274.07637077160473,0,0,-2.199899999999999,0,43,181,355,0,11,25,61,1,37,121,224,0,0,0,0,4,57,160,353,1.0,4,4,8,133.14700000000002,4,4,1.0,1,0,86.71000000000001,105.16702706071989,1112.0361026135345,8.994952382265089,54.73474617362246,11.495712328638835
3d4z,4.89,-6.308,-5.724,14,139.77235757386939,11.979976229573772,129.5908142652903,0.0,35.91898547110909,317.2621335398426,1,0,-2.3956,0,50,263,517,0,11,54,120,1,46,154,277,0,0,0,0,3,48,164,343,0.625,4,5,8,201.202,4,5,0.8888888888888888,2,1,100.59,125.10425482858535,1430.476572661797,7.798603378765695,79.6130865555305,11.818703903885433
3dx2,6.82,-6.182,-5.465,12,136.0077603219519,24.820327622105392,93.00148873076452,23.109855271863985,48.61284791150623,325.55227985819204,0,0,-2.842899999999999,0,49,221,427,0,10,25,66,1,42,150,291,0,4,38,55,4,58,159,352,1.0,5,4,9,195.24,5,4,1.0,1,1,103.78000000000002,118.29779976516001,1349.4848630325114,10.096693269720788,71.64759927381151,14.114669752438406
3ejr,8.57,-7.796,-6.588,25,285.00938648353014,2.9738553099881933,115.63549258398159,0.0,28.895493186786233,432.5142275642861,1,0,1.4861999999999997,0,88,494,1037,0,6,37,62,1,46,128,296,0,0,0,0,3,42,107,223,0.65,5,3,7,347.4550000000001,5,3,0.875,3,3,81.00000000000001,158.1337568244993,1835.3724543273217,7.677675598174579,131.08846176097578,13.68994336181263
3l7b,2.4,-8.083,-6.017,19,171.23087568259905,52.41159704843694,134.8147079706768,0.0,86.24411034612199,444.7012910478348,3,1,-2.224899999999999,0,43,351,651,0,14,94,194,0,48,142,347,0,0,0,0,3,49,184,442,0.6,7,4,6,275.23600000000005,6,4,0.6,2,2,130.83,123.12759889133855,1802.6629839575799,3.347966493201012,88.17401584347306,5.321699874351745
4eky,3.52,-9.703,-7.553,24,313.4407967232948,11.230016913270331,202.05869821497114,0.0,49.63234791642549,576.3618597679617,2,1,-2.339399999999999,0,79,545,1032,0,14,61,124,3,68,198,507,0,0,0,0,4,50,157,366,0.6,7,5,9,340.33200000000005,7,5,0.75,2,3,145.01000000000002,173.48233664314546,2264.3275324221418,7.1661546378279635,125.3162578034443,11.178223685448692
3g2n,4.09,-8.555,-6.482,20,278.4124691514801,1.8254908479178604,166.2264897427137,0.0,42.1063211630022,488.5707709051138,3,1,-1.7836999999999998,0,50,453,889,0,3,33,65,1,56,178,426,0,0,0,0,2,47,152,356,0.46153846153846156,6,5,7,283.28000000000003,6,5,0.6363636363636364,2,3,119.25000000000001,122.24546727592026,1913.680854468881,4.659989445878277,96.65607284394436,5.638582821195172
3syr,5.1,-9.352,-7.582,20,146.04025270597057,10.456896234872959,202.4885260714059,0.0,88.21255680687787,447.1982318191273,1,1,-3.3519,0,50,364,650,0,14,58,131,3,64,203,501,0,0,0,0,3,52,192,433,0.6,7,5,10,292.21900000000005,7,5,0.8333333333333334,2,2,145.01000000000002,139.76073336504138,1902.8262882179258,7.259269033778402,85.88212007263085,7.8103876430963
3ebp,5.91,-8.984,-5.411,28,276.0128906858593,0.0,60.12673478629924,0.0,60.495658794386614,396.6352842665451,6,3,3.304600000000003,0,65,429,1024,0,0,0,19,0,19,106,199,0,0,0,0,0,19,63,136,0.2857142857142857,6,3,0,401.84600000000006,6,3,0.0,4,2,94.14000000000001,121.02822967581376,1517.6970516156496,0.0,180.11153565173254,6.36751000883911
2w66,4.05,-5.024,-3.09,16,199.5836233424593,8.275450777758765,126.48055113287245,0.0,nan,nan,3,1,-3.4620999999999986,0,52,246,506,0,10,73,144,1,45,160,342,0,0,0,0,3,71,339,734,0.8888888888888888,6,6,8,234.25199999999998,6,6,0.6666666666666666,1,2,122.05000000000001,122.4645844941545,1960.2198452591326,6.296083879117112,77.28996791076895,12.781916607763167
2w4x,4.85,-5.603,-3.796,18,169.36989485374957,22.604417181503315,180.52078199844607,0.0,37.43373584674454,409.9288298804436,5,1,-2.8908999999999994,0,29,235,493,0,16,78,178,1,39,196,418,0,0,0,0,2,33,139,265,0.875,8,5,7,265.22200000000004,8,5,0.5384615384615384,1,3,151.92,88.70092139890065,1529.3999894199078,4.964088985831289,59.78425341171181,7.708421543941716
2wca,5.6,-6.402,-4.323,27,281.2365184061533,9.178085938843841,138.72522530147913,0.0,42.98008845935018,472.1199181058266,5,2,-0.05360000000000009,0,47,364,744,0,5,54,135,0,38,177,375,0,0,0,0,2,37,117,245,0.47058823529411764,8,5,6,381.3850000000001,8,5,0.46153846153846156,2,6,149.71,111.53433928798832,1698.7814158551755,4.125184682721359,109.229680560455,9.565704526029364
2xj7,6.66,-8.247,-6.389,16,252.231368906897,5.848357685284111,96.91097360700876,0.0,43.65472753311751,398.6454277323074,2,0,-2.338299999999998,0,61,353,723,0,11,77,134,1,35,142,284,0,0,0,0,3,39,129,272,0.9,5,4,7,230.26399999999995,5,4,0.7777777777777778,2,1,93.03,119.924946104242,1616.560193256154,4.945599199117994,95.25274057274433,8.026205094730873
2vvn,7.3,-7.053,-5.322,16,233.51538877957606,23.269715054710105,97.71624238972767,35.06936853278178,38.34708159109295,427.91779634788855,3,0,-1.4936999999999994,0,50,350,668,0,13,82,150,0,29,141,282,0,6,39,76,3,35,145,283,0.8888888888888888,7,4,7,248.30400000000003,6,4,0.7,2,2,94.31000000000002,119.03031932171082,1693.890596046085,4.5355420975017315,100.3628757775787,8.761142828802571
3aru,3.22,-5.524,-3.246,20,281.09529938317047,4.00003101815123,69.60554549002828,0.0,0.0,354.70087589134994,3,0,0.19299999999999962,0,44,267,697,0,12,62,170,0,20,66,147,0,0,0,0,0,0,0,0,0.5384615384615384,4,0,1,278.31200000000007,4,0,0.25,2,5,78.89,95.83210423061573,1076.7640374642071,0.3632952874828461,101.56912040392875,4.117157050276568
3arv,5.64,-9.549,-5.609,25,283.44522586520867,0.319745648948229,29.663161079266956,0.0,0.0,313.42813259342364,3,0,3.4281000000000024,0,81,358,857,0,5,14,44,0,11,56,149,0,0,0,0,0,0,0,0,0.15,4,0,1,332.3350000000001,4,0,0.25,6,0,40.8,124.02172637151436,1136.6404788711536,0.05391995892657153,171.4503095093029,6.643066357615019
3ary,6.0,-5.986,-3.404,17,213.02404329146339,35.042648945819714,11.187884231048987,54.45209101178515,2.210761654929736,315.917429135047,3,1,2.5168999999999997,0,61,228,529,0,14,49,149,0,4,27,43,0,1,18,49,0,3,18,42,0.16666666666666666,5,1,0,243.29099999999997,3,1,0.0,3,2,49.89,99.83696810500997,876.1993491063648,0.0,111.59302923770589,4.124791819377062
3arq,6.4,-8.759,-4.598,36,283.6077070919738,28.253644181602077,120.69114747544049,0.0,25.374105803307852,457.9266045523241,9,3,1.0202999999999998,0,83,463,1122,0,3,19,29,0,28,151,377,0,0,0,0,0,20,117,199,0.4230769230769231,10,5,3,497.50000000000034,10,5,0.2,5,3,176.61,147.8566459891894,1886.7350315158758,0.5844107950809122,185.7417713924321,8.374081765240682
3arp,7.15,-8.456,-5.845,34,544.2895625274306,39.55342450757546,0.0,0.0,10.660734520762041,594.5037215557682,0,2,6.170240000000003,0,90,574,1479,0,17,68,181,0,0,0,0,0,0,0,0,0,15,68,191,0.4,2,2,0,456.6780000000005,0,2,0.0,4,11,59.8,165.0277375028438,1939.274977790135,0.0,242.3832584882155,7.380003625697374
4ih5,4.11,-6.259,-4.507,17,241.41385255519967,95.38470624832604,0.0,0.0,24.78088672001676,361.57944552354246,2,1,1.7918999999999992,0,27,292,700,1,21,129,357,0,0,0,0,0,0,0,0,2,11,62,174,0.0,5,3,3,226.24300000000005,3,3,0.5,3,3,78.52,68.29358736839059,1306.625211776243,1.6974219496746201,73.31114171278706,3.299445689713297
4ih7,5.24,-7.499,-5.584,17,343.3979942755735,8.433697494831508,34.084126018396866,0.0,12.011361111097086,397.927178899899,0,0,3.339400000000002,0,45,393,933,0,4,25,63,1,8,19,44,0,0,0,0,1,4,29,64,0.26666666666666666,1,1,2,227.307,1,1,1.0,2,1,32.86,75.31346402139356,1216.6890334016532,1.4201560762210004,99.17290168770626,3.3735846986147777
3cj4,6.51,-6.294,-5.375,25,238.71723714435868,1.1351738100777955,97.92129877965388,0.0,108.86336758816131,446.6370773222517,1,1,3.3705000000000025,0,36,356,826,0,2,28,89,1,24,62,139,0,0,0,0,0,19,65,126,0.5,3,2,4,411.2960000000003,4,2,0.6666666666666666,2,5,86.71,98.22740557868136,1293.7454256064007,3.3668532875842363,117.899078536991,5.3702954368930484
4eo8,8.15,-7.356,-6.226,27,394.2236593821417,0.0,62.0454858918343,35.90848243057227,16.37905421036268,508.556681914911,2,1,4.479800000000004,0,35,400,971,0,0,12,66,2,16,51,111,0,4,14,44,2,9,20,36,0.6190476190476191,4,1,2,390.5490000000002,4,1,0.4,2,4,60.85000000000001,87.86610135238949,1326.2259240481578,1.8765929503857173,127.00299304987122,5.561741521127212
3gnw,9.1,-9.648,-5.846,44,543.7375748436526,7.190821850524032,115.9320010634662,0.36771183267797625,70.73396311827551,737.962072708596,1,1,6.683620000000007,0,91,662,1747,0,3,33,139,0,43,106,222,0,4,22,50,2,14,109,355,0.23529411764705882,7,2,6,613.7110000000002,6,2,0.75,6,5,108.83000000000001,157.69104853802176,2704.563822409927,3.28184312339592,163.5300286174877,7.822264779074555
1gpk,5.37,-10.129,-7.91,18,351.1614963207068,30.81452789590395,46.57918565554279,0.0,16.94080034682804,445.4960102189816,0,0,1.9975,0,53,488,1025,0,11,56,157,1,9,40,68,0,0,0,0,0,17,80,227,0.4,2,2,4,242.32199999999997,2,2,1.0,3,0,58.879999999999995,102.56218725412815,1629.8792592128507,1.1596727322888696,132.99045654474696,3.630964366619591
1gpn,6.48,-10.014,-7.115,19,363.0655880630009,20.863708211275146,45.83342262554645,0.0,10.134078609169528,439.896797508992,1,1,2.0921000000000003,0,69,496,1086,0,11,50,158,1,8,38,67,0,0,0,0,0,11,55,146,0.5625,2,2,2,256.349,2,2,0.5,4,0,44.89,112.0791775430645,1611.6990087950305,0.697211863235699,145.8173638125702,5.311260366905234
1h23,8.35,-9.667,-7.941,36,599.9851557232498,20.439036584196877,84.64154954108511,0.0,19.425162827100706,724.4909046756324,2,3,5.598400000000005,0,86,747,1706,0,14,96,241,2,18,65,140,0,0,0,0,0,19,92,246,0.6666666666666666,4,4,3,494.72400000000056,4,4,0.375,4,15,89.78,175.0302605459163,2546.513726725252,2.1296106195999425,255.30832457487972,7.343755275022344
1h22,9.1,-9.714,-7.802,34,573.346136541591,25.05167096719411,86.67696445415231,0.0,18.470351744637874,703.5451237075753,2,3,4.818200000000004,0,87,705,1623,0,13,108,243,2,18,67,138,0,0,0,0,0,20,98,227,0.6428571428571429,4,4,3,466.67000000000047,4,4,0.375,4,13,89.78,169.87975820380382,2448.0959389506993,1.9972489078201754,241.1828217337441,6.985418380084186
1e66,9.89,-11.687,-9.069,21,384.5792522553033,36.40680592332902,0.0,0.0,90.86091174200847,511.8469699206408,1,1,4.856500000000003,0,93,538,1184,0,9,64,122,0,0,0,0,0,0,0,0,0,14,95,201,0.3888888888888889,2,1,0,298.817,1,1,0.0,4,1,38.91,156.73961452487396,1679.8649796837813,0.0,224.40705062000677,6.707739497043151
2wbg,4.45,-7.177,-5.317,22,297.476022152327,5.223852796645178,123.07633558154177,0.0,43.33894509231126,469.1151556228252,3,0,-0.1816000000000002,0,83,363,814,0,8,52,146,3,54,162,356,0,0,0,0,4,45,155,285,0.9333333333333333,6,4,7,316.39800000000014,6,4,0.7,2,7,105.75,169.40351386010244,1779.0894886583608,6.360797263550593,133.02080495172203,11.317018209790207
2cbv,5.48,-6.515,-5.652,12,115.28852527244379,14.229718616945188,128.3890482514411,0.0,48.63363576435362,306.5409279051837,2,0,-2.4766999999999997,0,46,268,464,0,11,34,79,3,47,142,272,0,0,0,0,3,54,172,364,1.0,5,5,8,175.184,5,5,0.8,2,0,92.95,113.76705114590794,1354.401794977986,7.986931659158001,60.41681184806977,10.146857377427363
2j78,6.42,-5.709,-5.347,13,102.97403741510384,26.00015895012487,149.95131962166545,0.0,55.53900097135175,334.4645169582459,3,0,-3.1790999999999996,0,51,219,409,0,12,68,158,3,52,169,345,0,0,0,0,3,58,202,415,0.8333333333333334,6,6,9,192.171,6,6,0.75,1,1,125.54000000000002,130.2151136129727,1482.680514188189,7.694381419287426,67.78828108246702,10.137520095976916
2j7h,7.19,-5.731,-5.445,10,128.81462467019648,25.28976115038756,94.61028154816707,0.0,46.79080797302773,295.50547534177883,3,0,-2.823099999999999,0,40,204,322,0,14,72,145,2,32,97,208,0,0,0,0,2,44,156,366,1.0,5,5,7,148.16200000000003,5,5,0.7,1,1,84.75,102.18743654899367,1163.8479748583886,6.408450005575329,61.29109453238184,7.607009064553349
2cet,8.02,-8.645,-7.087,22,281.39909258714175,3.7109408829991977,123.79805258469335,0.0,35.21274031636393,444.1208263711982,1,0,-0.6103999999999998,0,75,411,1032,0,10,66,157,4,49,136,282,0,0,0,0,4,48,178,357,0.4375,4,5,8,305.354,4,5,0.8888888888888888,3,4,100.59,155.66594895125954,1988.1696877733584,8.30027850943742,124.66013360702387,13.84123911903159
3udh,2.85,-7.114,-5.856,14,251.32509557613895,30.921759711361236,19.084327031872114,0.0,24.002686145680453,325.3338684650527,2,0,0.8697999999999998,0,36,294,644,0,13,56,102,0,2,21,57,0,0,0,0,2,17,56,91,0.36363636363636365,2,2,2,188.23000000000002,2,2,0.5,3,0,41.13,71.84216947018557,1015.8926156605793,2.5888707291801847,90.97384953053626,5.077093665810723
3rsx,4.41,-6.897,-5.807,16,251.4312047250283,52.935644137148046,0.0,52.91129988382255,22.74268404048219,380.0208327864811,1,0,3.5455000000000014,0,34,312,696,0,14,51,103,0,0,0,0,0,8,45,52,1,24,60,90,0.0,3,1,1,226.304,1,1,0.5,3,1,38.91,81.53885689579191,1083.4527346055543,1.8017682270253794,95.36701296562114,3.9496087009242054
2vkm,8.74,-10.415,-8.255,47,746.695754894943,3.1493941931604628,134.61333387371974,0.22532402871457194,27.83161907273049,912.5154260632681,2,0,4.073800000000003,0,160,1057,2061,0,17,124,203,1,56,154,327,0,4,32,51,1,33,104,255,0.2777777777777778,7,4,9,658.821,7,4,0.8181818181818182,4,15,137.07000000000002,280.97659270923185,3320.7374120036256,3.7374536716644133,306.01976451590025,13.754454275708317
4gid,10.77,-10.805,-8.975,47,755.7000137279763,11.95004753189394,148.95682752802747,0.4457986668876464,9.911713055367134,926.9644005101525,2,1,3.025700000000003,0,156,1098,2085,0,21,152,272,1,52,136,330,0,2,35,54,1,28,126,291,0.4,7,5,9,665.8570000000001,7,5,0.75,3,16,156.94,279.557632385086,3473.1070026101966,5.040976258142956,304.0842394160557,12.532705440618328
4jfs,5.27,-5.665,-4.184,17,257.28000957841584,1.6959126497183192,62.854774660676206,0.0,20.278626728032037,342.10932361684235,2,0,0.7919999999999999,0,58,347,715,0,4,38,57,2,21,82,174,0,0,0,0,1,20,72,146,0.5384615384615384,4,2,4,237.299,4,2,0.6666666666666666,2,2,52.93,97.60253483648712,1247.3667177546379,2.928586217279034,86.84717013718381,6.088283264206109
4j28,5.7,-5.832,-4.312,17,196.61395539378105,31.70161090664207,59.584763548446006,0.0,40.16660469709937,328.0669345459685,2,1,0.3174999999999997,0,52,284,544,0,14,77,157,2,21,69,139,0,0,0,0,2,33,139,245,0.4166666666666667,4,4,5,233.27100000000002,4,4,0.625,3,1,81.17,106.25959168909161,1245.2110228750514,3.5074152751120327,87.93357562798715,8.275466996786413
2wvt,6.12,-5.007,-4.563,13,115.91391627399364,4.474085210912739,140.42929236416342,0.0,57.86914671119218,318.68644056026204,2,1,-4.632099999999996,0,48,241,444,0,8,36,56,4,44,152,325,0,0,0,0,4,76,214,471,1.0,5,6,8,194.207,5,6,0.7272727272727273,1,2,117.76,118.96172203277632,1454.6976598152942,6.861425492431183,65.44615304993042,13.658654263016983
2xii,7.2,-9.022,-6.406,28,347.46135604859194,7.94078497898147,108.5117789329799,0.0,32.389271990936564,496.3031919514899,2,1,0.07079999999999925,0,98,543,1129,0,16,54,121,4,36,152,278,0,0,0,0,6,54,141,331,0.3333333333333333,6,5,8,382.416,6,5,0.7272727272727273,4,3,118.89000000000001,169.31562036302907,2105.2301090519245,5.991764957040979,129.6249728282633,16.087411081070307
4pcs,7.85,-7.214,-6.242,16,225.16108999321938,12.187462316654209,61.66674856415867,0.0,26.30094792053175,325.31624879456405,1,0,0.1202000000000002,0,50,317,643,0,8,36,59,2,22,72,139,0,0,0,0,1,26,108,202,0.38461538461538464,3,3,5,217.268,3,3,0.8333333333333334,2,0,52.489999999999995,101.96963180548642,1196.8144984474047,3.791915971304943,91.28668461670881,4.901464918461861
3rr4,4.55,-7.501,-5.231,18,254.6342531765797,62.55935140094433,41.08358124264333,0.0,45.1435185450252,403.42070436519253,1,0,0.8827999999999994,0,71,308,644,0,36,177,353,2,11,32,73,0,0,0,0,4,30,129,223,0.18181818181818182,5,4,6,244.258,3,4,0.8571428571428571,3,2,98.49,130.68176060681867,1477.3545101736856,4.862661838728244,110.34400600598963,11.570346433397468
1s38,5.15,-7.773,-6.634,13,216.69072396598216,62.874517209564914,40.061433336506276,0.0,25.384081554483277,345.0107560665366,1,0,0.81372,0,42,315,575,0,26,111,222,1,12,37,69,0,0,0,0,2,26,110,219,0.1111111111111111,3,2,3,175.191,2,2,0.75,2,0,71.77000000000001,102.22308695707626,1263.8665101893,3.180241150850711,100.49045999006806,5.801707545242055
1r5y,6.46,-6.131,-4.722,13,140.17985815287648,112.49510057630451,34.34083806294534,0.0,52.97668463598414,339.9924814281104,2,0,0.4998000000000001,0,54,246,495,0,33,134,260,0,12,34,69,0,0,0,0,4,43,175,323,0.0,5,3,4,176.17900000000003,3,3,0.6666666666666666,2,0,98.05,116.71876735520877,1306.5492808613697,4.586200207067467,89.597343161975,9.927962573330765
3gc5,7.26,-8.303,-6.467,20,217.903834586853,128.17026602747194,39.64419267725838,0.0,61.180567952329504,446.8988612439129,3,1,-0.0754999999999999,0,67,366,737,0,45,212,447,2,11,33,73,0,0,0,0,4,42,230,443,0.25,6,5,5,273.3,4,5,0.5555555555555556,3,3,138.5,149.53779695106,1905.0977783694689,5.2238541669358955,125.0336336634569,10.827035965814055
3ge7,8.7,-9.426,-7.28,26,389.8138479045186,97.4911503587082,38.60504204071117,0.0,57.47166701621662,583.3817073201546,3,0,1.7455999999999994,0,95,499,1124,0,51,192,423,1,11,35,69,0,0,0,0,4,43,193,343,0.5,6,5,6,355.446,4,5,0.6666666666666666,4,6,124.50999999999999,183.06067880147492,2206.0285447550577,5.934468337150768,158.28029301025256,12.855098250217566
4dli,5.62,-8.804,-6.302,21,432.8243180734061,44.484879362612325,0.0,0.0,17.080384502293853,494.38958193831223,2,1,3.4533000000000014,0,63,539,1036,0,13,112,245,0,0,0,0,0,0,0,0,1,16,79,144,0.17647058823529413,4,2,1,276.343,2,2,0.25,4,3,63.83,116.75719266477475,1626.6786114352194,0.5536655224444345,181.61331745520937,5.998569763652383
2zb1,6.32,-10.52,-8.76,26,516.2042335780266,60.348916319697366,36.5585051259222,0.0,2.8206535002616038,615.9323085239077,1,1,4.1602400000000035,0,60,597,1290,0,16,81,181,0,9,52,127,0,0,0,0,0,9,10,74,0.2857142857142857,4,1,3,347.4180000000001,4,1,0.6,4,5,68.02000000000001,122.38334517911986,1848.6407381181843,2.043194631203641,173.74857741855064,5.10131782481921
4f9w,6.94,-10.246,-8.091,25,436.89795887251427,50.36574333004219,0.0,0.0,0.0,487.2637022025564,1,0,4.424800000000003,0,72,543,1238,1,20,59,180,0,0,0,0,0,0,0,0,0,0,0,0,0.09523809523809523,4,0,2,326.4030000000001,3,0,0.6666666666666666,4,3,41.910000000000004,119.4261345742948,1567.9676920745255,1.8399322541712841,161.88318687836804,5.383953803089992
3e92,8.0,-12.588,-11.732,26,530.9394710090285,58.435535915750314,35.134880397870596,0.0,4.031425057681462,628.5413123803307,1,0,4.221060000000003,0,83,605,1284,1,24,92,152,1,13,58,107,0,0,0,0,0,9,20,62,0.2857142857142857,4,1,4,347.41800000000006,4,1,0.8,4,4,68.02,159.49983114115844,1828.2584731112088,3.660024961709104,200.27355698468656,6.792034190153197
3e93,8.85,-13.334,-10.333,37,615.530438990001,34.61018234424299,61.6654105954802,0.0,7.6709709596781135,719.4770028894021,2,1,5.359120000000005,0,81,755,1754,1,17,82,203,2,20,88,162,0,0,0,0,1,7,28,90,0.3333333333333333,6,2,4,496.6110000000003,5,2,0.5714285714285714,6,5,79.63000000000001,165.9493687765857,2445.9167465710725,2.681162947337485,238.99030155858753,8.129771065008965
4owm,2.96,-6.898,-5.344,22,56.345966782454425,0.0,332.34708750549294,0.0,100.88619379522748,489.5792480831749,5,3,-2.2313,0,6,155,386,0,0,0,0,6,114,456,935,0,0,0,0,3,100,301,632,1.0,9,7,13,390.06700000000006,14,7,0.6190476190476191,1,7,229.73999999999995,136.7681756686548,2158.5126406335326,9.571554540486545,16.284568244955953,14.289966175633603
3r88,4.82,-7.223,-5.571,22,61.3584108370535,0.0,346.2112907630661,0.0,83.96549745981223,491.5351990599317,4,4,-2.2313,0,6,152,379,0,0,0,0,5,121,445,905,0,0,0,0,5,91,319,648,1.0,9,7,13,390.06700000000006,14,7,0.6190476190476191,1,7,229.73999999999995,139.3787848693383,2164.3557247214862,9.064689540092909,16.246654819262304,15.722284249471397
4gkm,5.17,-6.702,-4.855,22,64.64204844227714,0.0,325.63572451793897,0.0,83.50930681326044,473.78707977347653,5,3,-2.2313,0,7,153,359,0,0,0,0,4,105,437,886,0,0,0,0,4,80,302,603,1.0,9,7,13,390.06700000000006,14,7,0.6190476190476191,1,7,229.73999999999995,125.62953466788319,2083.7649617963352,8.657592495250322,15.662865621348821,12.846657796539937
3qqs,5.82,-7.136,-5.445,22,64.98764609513339,0.0,340.6283898714708,0.0,77.3453299400566,482.9613659066608,5,3,-2.2313,0,7,151,360,0,0,0,0,4,121,448,905,0,0,0,0,8,96,330,642,1.0,9,7,13,390.06700000000006,14,7,0.6190476190476191,1,7,229.73999999999995,142.31165126058022,2155.2686367221095,8.270499562476394,15.014762064623376,14.582681243124743
3gv9,2.12,-1.301,-0.192,12,129.36526946774828,0.0,55.69777221980148,45.43751047497621,13.635987148457462,244.13653931098344,2,2,1.4046999999999998,0,25,160,302,0,1,18,39,1,9,56,105,0,8,25,47,0,4,28,72,0.14285714285714285,3,2,1,185.20399999999998,3,2,0.2,1,2,66.4,48.19085889441285,649.5274874953391,0.676121227753339,48.96174797804104,5.413834892858476
3gr2,2.52,-3.78,-3.052,14,148.35414331907006,104.40428068272652,20.977631904714492,0.0,16.089154216630096,289.8252101231411,3,2,-0.4504800000000004,0,15,153,357,2,28,133,264,0,3,11,60,0,0,0,0,2,13,48,97,0.42857142857142855,4,2,1,194.19800000000004,4,2,0.16666666666666666,2,2,92.25,57.74446927125289,863.966918083235,0.9103782421293553,35.92595289989171,5.169965074132208
4kz6,3.1,-4.976,-3.896,15,196.20015758243272,0.0,79.63652190284952,53.81974271202815,27.508810071249712,357.16523226856,1,0,1.1605,0,31,255,583,0,2,23,69,2,23,95,200,0,2,29,54,1,15,61,138,0.8,3,2,4,231.31699999999998,4,1,0.8,1,3,57.61,69.55671311225638,1170.0817080047682,4.199798270427098,49.33295393521068,4.369323372102999
4jxs,4.74,-6.598,-5.62,22,189.40405176667468,7.018410288885214,170.05876589965942,38.703162225471864,33.552886218469496,438.7372763991607,2,2,1.6230000000000002,0,45,338,698,0,3,37,53,4,55,172,334,0,6,63,125,2,30,81,168,0.07692307692307693,5,3,6,341.36600000000004,7,3,0.6,2,6,120.77,116.13299599974097,1597.6646675820675,5.927840965933342,82.037852073234,9.052574133176844
2hb1,3.8,-5.315,-3.608,14,97.38303863146822,0.0,132.89190652668609,30.17152629476974,112.82660376299803,373.27307521592206,1,2,1.6722000000000001,0,36,243,431,0,0,0,0,2,47,204,368,0,4,19,45,2,36,106,226,0.14285714285714285,4,2,4,281.08299999999997,5,2,0.5714285714285714,1,4,83.83000000000001,98.53320226960236,1248.0794516278331,2.932177800989034,86.7191304329644,7.341703309799671
1bzc,4.92,-8.154,-7.058,29,201.2769875825643,18.64472818636278,185.08669985185708,0.0,76.90675444652304,481.91517006730743,3,2,1.5152999999999992,0,69,435,728,0,7,39,46,5,63,194,349,0,0,0,0,3,80,292,477,0.23529411764705882,4,5,7,430.3000000000003,7,5,0.5833333333333334,2,8,167.01999999999998,175.63103082313347,1951.8771829926138,6.952187358603707,157.01118171838618,14.604602254674068
2qbr,6.33,-7.18,-5.17,28,296.2598075238122,0.5208933941848626,129.80415947611732,23.177210194290634,99.91207016920599,549.6741407576109,1,2,4.951300000000003,0,49,498,928,0,2,12,34,1,50,191,363,0,4,19,47,2,34,102,254,0.1,5,3,5,462.3210000000002,5,3,0.625,3,8,95.86,130.214256478199,1877.358285329684,3.059636228092091,140.8356180980836,8.951748312755079
2qbq,7.44,-7.696,-5.351,31,311.207478883991,1.1626976276807506,128.90903497840725,25.302507962385036,99.13033320059391,565.712052653058,1,3,6.356000000000005,0,58,490,1067,0,3,10,39,1,52,192,358,0,4,20,47,3,45,117,260,0.4782608695652174,5,3,4,510.4500000000004,5,3,0.5,3,7,95.86,139.1847239771349,2010.5041419522584,2.9429040222700493,134.37991156922268,8.271223194647133
2qbp,8.4,-8.298,-5.437,37,379.09647733123114,2.0874392723085773,186.8152837363503,27.446491462516153,100.38826750803773,695.833959310444,3,3,4.745500000000004,0,63,582,1215,0,4,41,78,0,62,243,461,0,5,44,97,3,44,118,274,0.28,7,3,5,609.5200000000002,8,3,0.45454545454545453,4,10,133.23999999999998,168.23345606582657,2445.780089565514,2.6495827294601675,156.16684399551326,7.992972392429641
1q8t,4.76,-6.447,-4.127,18,367.1336105594759,52.050814391730086,23.98347120128934,0.0,19.891426804384892,463.0593229568802,2,1,2.1737,0,31,359,1007,1,12,68,226,0,4,16,77,0,0,0,0,0,4,66,206,0.5714285714285714,3,2,2,247.34200000000004,3,2,0.4,2,3,68.01,67.42877317165848,1544.312372244782,1.5731886994409403,95.13094221820653,4.008619500884886
1ydr,5.52,-7.561,-4.116,20,360.9589097217229,30.59232994665465,49.24070396617638,0.0,8.83288794028188,449.62483157483587,4,0,1.2171999999999998,0,37,354,992,1,11,71,208,0,11,49,125,0,0,25,60,0,2,24,67,0.35714285714285715,4,1,2,291.37600000000003,5,1,0.3333333333333333,3,2,62.300000000000004,84.01393383849616,1523.6684803376606,0.9296194575239536,107.60374755298852,5.429835330744692
1q8u,5.96,-6.271,-3.564,22,330.43626445540843,39.733159450597185,45.769598349744285,0.7446786144965337,95.71764428878814,512.4013451590346,4,1,1.9157199999999999,0,36,340,964,1,11,69,194,0,9,41,127,0,0,22,60,0,10,94,301,0.4375,4,1,1,319.42999999999995,5,1,0.16666666666666666,3,2,62.300000000000004,90.92849951713427,1717.4957532990866,0.7004236089055078,107.28241796941414,4.94759678535526
1ydt,7.32,-8.341,-5.745,27,426.0789098005363,44.63129953680877,38.08076561563039,1.5619276919942418,108.2284940116955,618.581396656665,4,1,3.5786000000000024,0,63,534,1336,1,15,80,216,0,9,43,127,0,2,28,65,1,19,91,186,0.15,4,2,2,446.3700000000001,5,2,0.2857142857142857,3,8,71.09,135.06674681861566,2077.138513273118,1.918502410467013,164.53961810482215,7.455277502743952
3fcq,2.77,-4.983,-4.117,14,235.16438309971124,0.0,90.64148702407937,0.0,16.53093759955352,342.3368077233442,1,0,1.61852,0,47,289,575,0,0,0,0,2,37,120,259,0,0,0,0,3,13,24,67,0.2,3,1,4,194.18599999999995,4,1,0.8,1,2,63.60000000000001,92.13011411883394,1028.272443221959,2.400804327209884,66.78973052666667,8.273683023115282
1z9g,5.64,-4.81,-3.59,17,264.0291590788724,0.16657888744015661,57.956702657554246,57.01342222952728,19.74989627741761,398.91575913081164,1,1,1.1183999999999998,0,51,348,769,0,3,34,48,1,21,52,132,0,10,32,58,1,24,61,145,0.3333333333333333,3,3,4,253.32299999999998,4,2,0.6666666666666666,1,6,66.4,96.70073664978824,1298.6835940712162,2.8094208045839713,85.66120205649011,7.088587128628564
1qf1,7.32,-7.087,-6.016,26,369.80066806169054,2.2966174290399577,68.20927425722259,57.611911959848996,31.091473475030106,529.0099451828321,1,1,2.1818999999999993,0,75,550,1109,0,14,59,101,3,34,79,199,0,10,37,58,2,29,110,206,0.5263157894736842,4,4,6,380.51000000000016,5,3,0.75,1,11,95.50000000000001,151.83864150854708,1921.8661722490542,5.234124664163809,135.56343427417195,11.087795340654852
5tmn,8.04,-7.121,-5.659,32,371.9813734009755,8.841162585286405,130.83646410879908,0.0,24.2302991159034,535.8892992109644,4,2,2.6755000000000004,0,52,433,974,0,14,95,135,2,49,152,339,0,0,0,0,1,41,168,309,0.5714285714285714,5,5,7,471.49100000000027,8,5,0.5384615384615384,1,13,154.05999999999997,132.53410677938973,2004.4202385449626,4.073340258554868,101.80516395783673,6.634136180824655
4tmn,10.17,-8.229,-6.826,36,449.78328842303966,4.416691161644563,143.03227093824046,0.0,17.21997040092455,614.4522209238493,3,1,3.260600000000001,0,76,597,1249,0,15,93,144,5,59,170,367,0,0,0,0,1,46,144,311,0.4,5,5,9,519.5350000000002,8,5,0.6923076923076923,2,13,154.05999999999997,175.3842492457012,2370.19909815326,6.303796584089518,143.32574475462962,10.994871075546124
4ddk,2.29,-6.052,-4.029,12,206.96173270616111,0.0,91.1163057214932,0.0,7.292364352937552,305.37040278059186,1,1,1.1135,0,33,323,599,0,0,0,0,0,26,136,282,0,0,0,0,1,8,33,75,0.125,3,1,3,166.132,4,1,0.6,2,1,55.760000000000005,77.13124592195862,1110.0624544641692,0.9759725727475972,82.67308076952445,2.6062109391763024
4ddh,3.32,-6.132,-4.124,15,259.9060582051143,0.0,102.34404584501976,0.0,16.725326691023202,378.9754307411572,1,1,2.0685000000000002,0,54,438,780,0,0,0,0,2,38,138,268,0,0,0,0,2,17,30,68,0.18181818181818182,3,1,3,206.19699999999997,4,1,0.6,2,3,59.67,96.83467834663855,1329.3897168392998,2.7284355830318763,88.68423438146561,8.13155398649665
3ivg,4.3,-8.281,-4.995,29,467.99063629872165,11.140254559012172,146.1470944636777,0.17897666766191928,9.289106353559685,634.746068342633,2,2,2.9592,0,80,677,1310,0,5,57,119,1,37,173,322,0,5,23,57,1,9,47,120,0.15,5,2,5,414.43900000000025,7,2,0.5555555555555556,4,7,110.77000000000001,150.34594866347342,2242.294959526028,1.5293756985959475,166.14418757000846,9.089079084998255
3coz,5.57,-9.737,-7.152,30,280.18875990144545,128.5670536490239,143.95766687645514,2.3318032816517182,62.038483591006305,617.0837672995826,6,2,-2.611399999999997,0,56,480,988,1,41,241,481,2,50,158,424,0,4,27,49,2,72,198,430,0.6,12,5,8,445.4580000000002,11,5,0.5,3,7,217.79999999999998,189.155805300245,2637.063488090616,5.997641574125571,112.22912858181007,8.926830040462264
3coy,6.02,-10.388,-7.545,31,310.29761026095423,126.00753753835917,139.81954315902246,2.189716337227837,54.52899712364636,632.8434044192098,6,2,-2.221299999999996,0,62,502,1058,1,42,233,479,2,48,165,427,0,4,28,47,2,70,200,424,0.625,12,5,8,459.4850000000002,11,5,0.5,3,6,217.79999999999998,194.9168398257553,2704.0128107750766,6.068959128245449,123.49546501780952,9.634384852685123
3pxf,4.43,-5.901,-4.962,21,272.7215904857947,2.334247781856439,67.814453479501,0.5624974703624372,12.506921139924964,355.93971035743954,1,2,3.8301000000000034,0,26,205,665,0,1,13,39,1,13,42,94,0,3,16,31,0,9,28,68,0.0,3,2,2,299.35100000000006,3,2,0.4,3,3,66.4,63.86656118573856,921.0164658302002,1.4587516471279167,82.4809555716675,2.799522230922692
4eor,6.3,-8.671,-5.698,28,377.7426765652681,79.35162984845553,54.8155440201087,0.747270396574576,35.90823285646,548.565353686867,5,0,2.7029999999999994,0,49,479,1063,0,22,167,375,0,12,60,167,0,3,24,38,2,25,101,176,0.3888888888888889,7,3,5,402.4800000000001,7,3,0.5,4,6,135.88,130.59718387388276,2009.3821357898992,2.1626357076480196,135.51762435083415,5.370876372710857
2xnb,6.83,-9.322,-5.908,27,383.62816387732914,33.75014800522946,39.37989555282966,42.15695777172448,7.1191353343564865,506.0343005414693,3,1,2.0337199999999998,0,39,463,1177,0,18,139,360,1,10,29,72,0,1,29,75,0,2,10,26,0.3684210526315789,7,1,2,382.49300000000017,5,1,0.3333333333333333,4,3,75.41,109.92405621391089,1823.3718556589147,1.228665259152216,147.78571789913576,5.067834343224969
2fvd,8.52,-8.511,-5.902,30,289.04263925225564,72.6919883031388,106.91442997992075,1.231733474403334,95.3856129728596,565.2664039825781,5,0,1.4125,0,37,402,1045,0,25,129,276,0,25,94,205,0,4,24,33,1,36,150,285,0.3888888888888889,8,2,4,441.46000000000015,7,2,0.4444444444444444,3,6,127.50999999999999,130.35412203674386,2023.5485596918243,2.3276863951988336,140.88062481369664,5.891282965974601
4k77,6.63,-6.739,-3.898,18,343.53729613653934,34.532621886395695,41.98760351305503,0.0,15.572721762203185,435.6302432981933,2,1,2.0626999999999995,0,26,331,919,0,6,119,270,1,10,30,67,0,0,0,0,1,8,60,120,0.46153846153846156,4,2,2,244.29799999999994,3,2,0.4,3,2,70.67,70.85604953578941,1461.396872197043,1.465051398896474,94.10775249767606,4.657076760080952
4ivb,8.72,-9.79,-6.659,23,348.15553766866947,102.83150462743858,29.948432316950623,0.0,16.18550836066999,497.1209829737287,2,0,3.220780000000002,0,46,428,1151,0,20,148,317,0,6,21,58,0,0,0,0,1,14,59,116,0.47058823529411764,4,2,4,309.3730000000001,4,2,0.6666666666666666,4,2,90.51999999999998,104.86980176542282,1767.9797348633083,1.8312819131697282,129.18582062252236,3.658491711958321
4ivd,9.52,-8.903,-5.931,25,390.360394716448,97.72103108256525,28.70712462421636,0.0,17.081133622916855,533.8696840461464,2,0,4.000980000000003,0,48,484,1245,1,26,153,299,0,6,21,56,0,0,0,0,1,15,59,116,0.5263157894736842,4,2,4,337.4270000000002,4,2,0.6666666666666666,4,4,90.51999999999998,119.36900180494403,1859.7504849239783,1.959128682260739,142.6415306565493,5.657323290557586
4ivc,10.0,-9.805,-6.441,24,376.7401797932774,102.50801329099961,27.898759584209152,0.0,17.091578107397158,524.2385307758833,1,0,3.6108800000000025,0,55,480,1243,1,23,156,324,0,8,19,61,0,0,0,0,0,15,63,118,0.5,4,2,5,323.40000000000015,4,2,0.8333333333333334,4,3,90.51999999999998,122.93189692165869,1890.0900327486086,1.6156473028556209,143.40312450208876,4.928638264030807
4f09,6.7,-8.212,-5.3,19,322.8489670769236,66.5018956979569,0.0,0.0,22.675545669805146,412.0264084446856,2,1,2.14552,0,35,332,922,1,15,140,305,0,0,0,0,0,0,0,0,1,11,63,115,0.42857142857142855,3,2,2,255.32499999999996,3,2,0.4,4,1,58.53,81.81576889001983,1434.0355236341795,1.3418152476245009,112.60776482972847,3.8598641684066184
4gfm,7.22,-7.327,-4.573,18,232.2529877387777,23.884615546622367,62.22614143461535,0.0,134.1896781991934,452.5534229192088,2,1,2.608200000000001,0,29,290,871,0,5,60,139,0,11,50,133,0,0,0,0,0,19,66,193,0.08333333333333333,2,1,1,283.11400000000003,3,1,0.25,2,2,58.53,80.05525147931327,1381.697619691953,0.454560176430326,104.72860721024553,3.958004770350309
4hge,7.92,-8.917,-5.116,25,369.99610011861677,43.40160647885569,26.214694962626638,0.0,85.0111451460552,524.6235467061541,3,1,3.1291200000000003,0,43,422,1128,0,20,139,406,0,5,24,65,0,0,0,0,0,6,62,127,0.058823529411764705,4,1,1,352.785,4,1,0.2,4,3,77.11000000000001,102.12225683538223,1817.2377850570451,0.6681994599973384,139.04963033132006,5.087736704427532
4e6q,8.36,-8.92,-5.657,25,474.46866258053126,58.51956026960365,0.0,0.0,13.224517622434355,546.2127404725694,2,0,3.7497000000000025,0,54,554,1280,0,13,150,311,0,0,0,0,0,0,0,0,1,7,39,53,0.3,3,1,2,331.42300000000006,3,1,0.5,5,3,49.74,110.42349403919356,1831.3689221503496,1.0621830903691531,140.47169547280583,3.998940011994389
4jia,9.22,-9.263,-6.374,31,420.22849913475125,40.73630961193509,9.90186751230112,0.0,8.087549917253591,478.95422617624104,3,0,3.9003000000000023,0,52,433,1215,0,17,131,314,0,3,18,40,0,0,0,0,1,10,31,41,0.25,6,1,2,414.51300000000026,4,1,0.4,5,5,57.93000000000001,110.47081118983382,1730.8942276977527,1.2821580353990063,143.2826724047913,3.6114285114723423
2brb,4.86,-7.531,-5.364,25,386.9522352347399,24.33882147059224,31.48435811510494,0.0,15.286282431065828,458.061697251503,3,2,3.9610000000000025,0,45,439,1039,0,10,73,196,0,9,51,133,0,0,0,0,0,6,37,139,0.1,5,2,1,331.3750000000001,4,2,0.16666666666666666,4,5,71.18,98.71763518639875,1593.2202927904282,0.3592292600016884,136.26210701947272,2.94115602420587
2br1,5.14,-7.506,-5.104,29,393.46951018321886,25.263293290976456,44.55089427559129,0.0,15.358198589500594,478.6418963392871,5,2,3.978200000000002,0,45,477,1102,0,13,71,199,0,14,77,211,0,0,0,0,0,8,32,155,0.18181818181818182,7,2,1,391.42700000000013,6,2,0.125,4,7,89.64,104.08213415356015,1767.7420685482448,0.6152655817749515,136.98552607806002,3.34422227539968
3jvr,5.72,-7.047,-6.015,23,207.13870959016916,18.529734796857184,16.367145861741186,0.0,160.75215023340363,402.78774048217116,3,0,5.179400000000003,0,40,337,564,0,10,64,81,0,6,45,54,0,0,0,0,1,33,91,187,0.125,3,2,2,350.20500000000015,3,2,0.4,3,3,67.00999999999999,113.74196104955082,1073.4665023072748,1.2461589837530203,143.2962006736546,4.681533206851844
3jvs,6.54,-7.519,-5.937,30,304.80978699614434,18.92742723422778,85.68216728632447,0.0,18.566814749760972,427.9861962664577,4,1,4.512000000000004,0,58,406,783,0,16,102,126,0,15,80,156,0,0,0,0,2,20,68,82,0.18181818181818182,4,3,2,406.44200000000023,4,3,0.2857142857142857,3,3,113.37000000000002,122.84645600820447,1359.6206341869172,1.5192295061410148,144.87801858732604,6.50816282324903
1nvq,8.25,-13.195,-10.092,36,469.76629721110635,21.833393715652615,61.46369822489086,0.0,37.001701141035674,590.0650902926857,3,0,3.8449000000000026,0,73,634,1587,0,10,87,216,1,21,94,232,0,0,0,0,2,23,75,178,0.32142857142857145,5,3,5,482.54000000000025,5,3,0.625,8,2,89.68,146.51578317717423,2383.232212238032,4.005364081468487,184.51633299691943,7.595960232371326
3acw,4.76,-9.727,-7.88,21,451.4786076107088,6.6445091742559335,21.123470252029495,0.0,8.095030649422089,487.3416176864162,2,1,3.2668000000000017,0,48,532,1299,0,4,28,72,0,0,26,79,0,0,0,0,0,4,18,77,0.3684210526315789,2,1,0,279.3829999999999,2,1,0.0,5,2,23.47,91.34997923997234,1646.16862321674,0.0,163.29147578181602,3.231340748744588
4ea2,6.44,-7.584,-5.28,24,516.2447044799517,25.39924273177532,0.0,0.0,13.985107926916177,555.629055138643,1,0,4.683000000000003,0,46,606,1454,0,5,50,126,0,0,0,0,0,0,0,0,0,9,45,125,0.8181818181818182,2,2,3,330.56,2,2,0.75,4,9,24.06,91.8043795454607,1859.484912708426,0.08035016425896087,157.4079792877515,3.522320000541918
2zcr,6.87,-8.273,-6.794,28,467.38734555256804,0.0,163.42694779496728,2.0277529999128032,21.8647850522796,654.7068313997279,3,2,4.410500000000006,0,57,569,1331,0,0,0,0,0,40,158,308,0,9,28,47,0,21,101,206,0.4,3,3,4,426.471,6,3,0.4444444444444444,2,10,111.89999999999999,123.73013121897257,2137.722662903184,0.8777490040319793,160.0294319232137,5.521080097682084
2zy1,7.4,-8.285,-6.449,24,412.8154952215943,1.2083551993679622,109.55134059630187,0.0,25.488499589129994,549.0636906063941,2,2,2.705400000000001,0,50,461,1143,0,3,28,61,2,26,95,292,0,0,0,0,3,20,93,217,0.23529411764705882,3,3,4,349.32300000000004,5,3,0.5,2,8,95.86,109.7005807241826,1844.2687703328813,2.631811663303375,134.48291607365832,5.307010289019186
2zcq,8.82,-8.404,-6.509,25,337.1798168526831,0.0,184.38825353049685,0.7263545902231043,19.903623948457064,542.1980489218599,3,1,3.1932000000000027,0,48,416,1014,0,0,0,0,1,46,174,408,0,7,23,54,2,25,96,229,0.25,4,3,6,386.362,7,3,0.6,2,8,121.13000000000001,125.10816139881253,1870.7697446052805,2.8986913738066136,125.63657153014799,8.283547635639957
1bcu,3.28,-6.566,-5.199,16,246.96671076104738,60.02987975924354,0.0,0.0,32.27688265950894,339.2734731797999,1,1,2.5524000000000004,0,38,398,701,0,12,82,162,0,0,0,0,0,0,0,0,0,16,104,203,0.0,3,2,1,209.25199999999992,1,2,0.3333333333333333,3,0,64.92999999999999,78.73453084455751,1255.4230997853372,0.5332928866638533,82.5324431059931,1.0495896386078485
3u9q,4.38,-5.023,-4.921,12,331.64777155139535,0.0,78.20334232181555,0.0,14.33515541968717,424.18626929289803,0,0,3.2117000000000013,0,34,349,627,0,0,0,0,3,20,50,125,0,0,0,0,0,9,27,73,0.9,1,1,3,172.268,2,1,1.0,0,8,37.3,76.53394326864459,946.5804990547554,2.605625707042952,102.04485381589271,4.97552769067282
2yfe,6.63,-7.371,-4.48,25,520.5562859151225,0.0,61.17269019888197,0.0,10.953777042112266,592.6827531561169,3,1,4.392900000000004,0,66,539,1395,0,0,0,0,1,21,81,257,0,0,0,0,1,11,45,128,0.2857142857142857,3,2,2,340.41900000000004,4,2,0.3333333333333333,2,7,66.76,113.80115097179115,1883.0891199528896,1.1397377512079296,159.3709121409546,9.15677396468587
3fur,8.0,-11.088,-8.703,31,300.1267610608165,19.764605203973073,69.43775806630597,0.6022241972855725,282.35087754629456,672.2822260746757,3,0,7.441500000000002,0,53,500,1184,0,8,53,97,0,20,81,150,0,2,33,46,1,25,139,299,0.0,4,1,2,514.2170000000002,4,1,0.4,4,5,68.29,161.76840965613525,1988.9390345558068,1.0192772617619024,200.4636632344385,5.262802232235648
3b1m,8.48,-10.278,-7.652,38,522.4655473129404,1.755628481373714,109.05511057852524,0.0,10.31857153171907,643.5948579045585,7,3,4.564200000000003,0,56,677,1613,0,2,19,58,0,13,149,341,0,0,0,0,0,8,59,155,0.23333333333333334,7,3,0,513.5460000000003,7,3,0.0,5,6,122.16000000000003,138.93510347909475,2359.506889191942,0.3093458027793629,197.52783693026313,3.4158782989184915
2p4y,9.0,-10.632,-7.049,40,475.0490107041905,22.854052380158137,87.8502805902211,0.0,199.02444643712292,784.7777901116925,4,1,7.218720000000006,0,58,668,1739,0,3,35,137,1,21,151,349,0,0,0,0,2,28,144,280,0.21428571428571427,6,1,3,574.9390000000002,7,1,0.375,5,8,95.95,149.88384424477087,2722.445594483966,1.0558482566325713,219.02693790084578,9.942738328299836
3uo4,6.52,-8.776,-6.78,29,464.9027429353571,32.47376642439224,46.697142778556575,0.0,25.271769188846854,569.3454213271526,1,2,5.329000000000003,0,75,552,1298,0,21,91,261,0,20,37,66,0,0,0,0,2,23,57,148,0.0,5,3,4,382.42300000000006,4,3,0.5714285714285714,4,6,87.14,138.07190631525455,1932.729066800848,3.9259801829782814,165.69833154195456,8.480165581995339
3up2,7.4,-8.629,-6.577,28,320.5953097446915,32.7268374638132,63.49325215564159,0.0,126.91894080067765,543.7343401648241,2,2,4.560600000000002,0,61,477,1016,1,21,88,293,0,19,65,125,0,0,0,0,2,34,156,320,0.05555555555555555,6,3,4,390.321,5,3,0.5,3,6,96.37,136.669608312756,1931.162978804671,3.06026314005336,166.44185975795023,6.75517146122724
3e5a,8.23,-8.394,-5.517,33,460.1347685473002,67.31610845091532,21.640840380768864,35.03868916343231,26.773620558148416,610.9040271005651,5,1,3.5032200000000016,0,69,514,1217,1,28,188,413,0,2,17,62,0,3,25,42,3,23,90,141,0.391304347826087,8,3,3,464.5990000000002,6,3,0.3333333333333333,5,7,102.07,146.08223855009217,2080.651440185922,0.9462317528840909,168.64360278386874,13.492435379891575
2wtv,8.74,-10.238,-6.681,34,411.56813197208305,38.40411274466541,29.30749361321554,0.0,145.46701689765814,624.746755227622,4,1,5.868000000000003,0,58,616,1352,1,17,98,237,0,1,29,72,0,0,0,0,1,29,106,244,0.04,5,2,2,476.87000000000006,5,2,0.2857142857142857,5,4,87.47,126.58713314683627,2142.0180240097757,1.6119227903974804,180.77820619911463,7.5374700585711985
3myg,10.7,-6.467,-3.829,30,396.6050099964259,86.88963823930955,11.951574425040842,26.76486228242194,28.123201695527094,550.3342866387253,4,1,3.220720000000002,0,66,433,1013,1,32,205,465,0,2,17,41,0,3,24,54,2,21,68,133,0.4,8,3,4,426.55000000000024,6,3,0.4444444444444444,4,8,107.26,126.68392989219909,1885.0771609067651,2.6978048265373156,134.44951032928554,8.586386295799992
3kgp,2.57,-4.171,-2.858,11,181.94715941656148,39.44596149280178,45.81518016681224,0.0,18.363379800481578,285.57168087665696,2,1,0.8435000000000001,0,32,316,509,0,8,49,66,0,10,42,103,0,0,0,0,0,23,102,202,0.125,2,2,2,151.16499999999996,3,2,0.4,1,2,63.32000000000001,67.42407305532028,1048.0612548245567,1.2774635617323087,59.15862647905618,2.0640594685623728
1sqa,9.21,-7.707,-5.257,31,365.93926218876186,108.93260908783876,5.652044638710333,0.0,51.44849711341334,531.9724130287243,5,2,3.3684700000000003,0,64,603,1152,0,44,177,344,0,0,12,36,0,0,0,0,1,46,173,374,0.043478260869565216,6,5,3,411.46900000000016,5,5,0.3,4,6,142.8,144.39704074659412,2174.017689954881,2.70866979282752,120.52129069237509,5.801616687059383
4jsz,2.3,-3.567,-2.809,10,103.5880226339789,30.10155514862511,88.42307637882121,2.0843288858457965,22.222138214292634,246.41912126156365,2,1,0.3340000000000002,0,10,142,292,0,9,49,65,0,19,73,119,0,2,46,69,0,24,96,138,0.0,2,1,1,157.19399999999996,3,1,0.25,1,1,60.16,54.697666210621456,846.273725217684,0.0,24.72982750427891,0.819616905009375
3kwa,4.08,-2.68,-0.475,14,275.98454230980497,77.52784510624444,0.0,0.0,34.54318226741879,388.05556968346815,2,2,-0.35659999999999775,0,44,285,643,0,28,114,257,0,0,0,0,0,0,0,0,0,58,185,391,1.0,4,4,4,202.34599999999995,4,4,0.5,0,11,76.1,82.06833224669074,1423.83067404806,1.6845956591949418,76.90906708503913,8.672529564398342
2weg,6.5,-5.756,-4.977,11,130.92840348545624,31.765623130684993,78.52712407356998,2.9144015897688806,50.89253412496996,295.0280864044501,1,0,0.4731000000000002,0,16,163,382,1,11,34,60,0,17,73,151,0,9,38,57,4,43,81,203,0.0,2,1,3,175.184,3,1,0.75,1,1,60.160000000000004,82.92958279578528,943.6366002519425,2.683672668504787,50.77613356489876,7.4433470583882935
3ryj,7.8,-6.282,-4.562,18,128.69639638754134,39.71610693873604,108.53347386595706,1.976710408183511,87.62381743234528,366.54650503276315,2,1,0.6261000000000002,0,20,202,541,0,10,51,128,1,24,86,188,0,10,35,62,0,25,128,321,0.2222222222222222,3,2,3,282.24299999999994,4,2,0.5,1,3,89.26,82.46506591555261,1325.048642608868,1.4225977329704154,61.796931692493956,3.580610809468101
3dd0,9.0,-5.996,-4.493,16,167.11697239357687,51.11465799511436,83.9636183134111,44.060472387721504,22.527236151575487,368.78295724139934,1,0,1.3424,0,23,183,486,0,20,58,125,0,19,83,180,0,13,65,129,5,25,59,138,0.2222222222222222,5,1,5,258.324,5,1,0.8333333333333334,2,3,82.28000000000002,89.40271839809762,1157.791539374411,2.5245079459278936,49.53716984527386,7.294538757365194
2xdl,3.1,-6.244,-3.631,16,338.4980025906721,0.0,75.99171519739102,0.0,14.101716896424163,428.5914346844873,0,1,1.8827999999999996,0,45,337,834,0,3,29,71,1,20,91,206,0,0,0,0,0,9,35,67,0.4166666666666667,3,1,3,223.27199999999996,3,1,0.75,1,4,49.77,84.39390904113803,1304.9188071764436,0.6564372377399362,89.19198411748722,2.896330001598191
3b27,5.16,-6.712,-4.477,16,209.0065017488452,65.01843577868861,0.0,48.21924593397995,89.45427686923504,411.69846033074884,3,0,2.4961,0,22,248,603,0,19,111,300,0,0,0,0,0,9,31,65,1,23,87,238,0.1,5,1,2,252.73000000000002,4,1,0.4,2,2,64.69,77.7285045835603,1300.7536882053878,0.7944351970243474,77.44288157300095,2.492772786377919
1yc1,6.17,-9.227,-5.77,27,301.17275028322007,36.04244139723987,138.05601012187665,0.0,44.99336943558891,520.2645712379255,5,2,3.144200000000002,0,52,475,1218,0,17,64,137,0,28,153,373,0,0,0,0,3,31,127,252,0.15789473684210525,6,4,4,368.34500000000014,7,4,0.36363636363636365,4,4,124.90000000000002,126.84258915875414,2171.698024511381,2.0428356219734134,115.63045811206817,6.291932241150388
3rlr,7.52,-9.108,-6.17,23,269.7218306735583,80.67303302265854,3.20601252853899,0.0,141.2788989079477,494.87977513270357,2,0,4.428820000000003,0,47,404,979,0,23,114,279,0,2,18,52,0,0,0,0,1,18,94,191,0.1875,4,1,3,347.2049999999999,4,1,0.6,3,2,74.59,107.20138809035083,1649.4273643477256,1.430648016291538,137.0776241828019,6.135161846045429
2yki,9.46,-15.306,-13.282,34,557.4655466854521,72.33956678000885,22.896424666917,0.0,23.77753412145409,676.4790722538322,2,1,5.001000000000003,0,86,778,1651,1,22,186,392,0,8,15,51,0,0,0,0,2,18,89,196,0.037037037037037035,4,3,4,442.4820000000002,4,3,0.5714285714285714,7,3,99.35,189.27768517599156,2566.303859572687,3.627604783719202,260.72250503227707,9.087850951772332
1z95,7.12,-10.313,-7.285,29,328.3764941104007,56.3891535073518,93.3880180403618,0.38467982182846727,144.4862533286751,623.024598808618,3,0,2.8795800000000007,0,37,517,1222,0,14,56,133,0,20,114,247,0,1,30,70,0,40,182,388,0.2222222222222222,5,2,4,430.379,5,2,0.5714285714285714,2,5,107.25999999999999,136.9263401708802,2269.3454606518876,2.1605808938569986,181.96736730522275,5.395449093224462
3b68,8.4,-10.355,-7.324,31,394.9703979373868,14.360539872385718,156.10590803192454,0.0,109.57452814563146,675.0113739873285,4,1,3.3405000000000014,0,54,587,1336,0,13,95,210,0,37,193,403,0,0,0,0,0,47,178,399,0.2631578947368421,6,3,4,441.3620000000001,6,3,0.4444444444444444,2,7,130.8,167.85396360139163,2593.8118993343983,1.883209428251475,212.82654529457884,6.663286133224994
3b5r,8.77,-10.223,-7.24,28,307.02441289898644,56.79837047940281,46.37865877084147,0.0,227.27501403794844,637.4764561871789,2,0,4.13808,0,47,551,1200,0,12,61,135,0,14,64,199,0,0,0,0,0,52,228,449,0.2222222222222222,4,2,4,416.7580000000001,4,2,0.6666666666666666,2,5,82.35,153.9802273729762,2216.9108659561557,2.408699021459896,208.90192952945245,7.399402484476921
3b65,9.27,-10.555,-7.389,25,355.19952493496316,115.72840950763452,50.857039510023625,0.0,111.49036118215047,633.2753351347719,3,0,2.803060000000001,0,59,533,1233,0,21,105,205,0,13,76,199,0,0,0,0,0,22,92,192,0.16666666666666666,5,2,4,447.23200000000026,5,2,0.5714285714285714,2,5,106.14000000000001,157.11948367094223,2021.2401691878792,1.5372853659877244,190.27009497770655,6.133794671648622
3g0w,9.52,-10.607,-7.953,24,280.37336892825164,63.672572533919436,34.200286731415694,0.0,171.79699856479021,550.0432267583768,3,0,2.9039000000000015,0,42,432,1020,0,10,84,205,0,10,60,134,0,0,0,0,0,33,150,355,0.4666666666666667,4,1,2,359.735,4,1,0.4,3,1,68.85,121.15203699539201,1868.7273595794566,1.621079325632777,174.2808276793335,4.257190523932397
2al5,8.4,-4.907,-2.921,16,340.4797887211741,0.2907903576980885,66.9198674617899,0.0,0.0,407.69044654066204,1,0,1.4578,0,41,394,711,0,2,41,48,0,19,82,181,0,0,0,0,0,0,0,0,0.3333333333333333,3,0,2,219.24,3,0,0.6666666666666666,2,2,46.61000000000001,77.65909956902821,1120.3358181514795,0.0,96.88021437184113,3.6243159096676143
3g2z,2.36,-3.975,-3.128,13,110.5260748723962,118.98132315080994,4.45553830470174,0.0,13.075017119059005,247.03795344696687,1,1,0.24849999999999983,0,16,140,319,0,44,146,338,0,0,7,26,0,0,0,0,2,9,53,136,0.42857142857142855,5,2,4,179.18300000000002,4,2,0.6666666666666666,2,2,83.56,48.73860711747888,891.9165763606889,2.950419620898098,28.541368919835396,3.8749911538978368
3g31,2.89,-3.004,-1.946,17,173.9349408321835,0.0,42.879011324283525,0.0,3.5539586757601818,220.36791083222718,4,1,0.4905999999999997,0,9,178,428,0,0,13,17,0,8,31,75,0,0,0,0,0,3,3,13,0.75,3,1,0,237.25499999999994,4,1,0.0,3,2,74.68,24.3577325499126,585.3012880217235,0.0,40.847549307435195,0.9666261198295558
4de2,4.12,-7.736,-6.032,24,301.96582688264135,100.72562012467418,24.022306436544113,0.0,9.457684747701405,436.1714381915609,1,1,2.1806,0,74,483,889,0,43,161,370,1,11,20,70,0,0,0,0,2,9,42,115,0.17647058823529413,5,2,5,322.372,5,2,0.7142857142857143,3,5,86.8,115.83049571423092,1648.7641348559685,4.031571379880397,89.13045924573456,6.552525913918564
4de3,5.52,-7.932,-6.25,21,221.53235302951617,98.26995956478882,24.809025239884658,0.0,78.66891615428852,423.2802539884782,0,1,2.881500000000001,0,69,435,763,0,40,147,322,0,13,20,76,0,0,0,0,2,11,80,159,0.0,4,2,5,344.1720000000001,4,2,0.8333333333333334,3,3,83.56,118.5187327435121,1528.3420233131912,3.9945142517302785,87.8350213756688,6.948712254287442
4de1,5.96,-7.816,-6.501,23,244.27041256039857,134.988830572006,24.555564835329506,0.0,16.49646364903392,420.31127161676795,1,2,1.9952999999999994,0,75,460,814,1,48,195,412,1,11,22,74,0,0,0,0,2,11,66,157,0.0,5,3,5,305.30100000000004,5,3,0.625,4,3,112.24,121.08527325829634,1681.2681354741135,4.310350613437161,86.82742245494586,8.22203666361974
1vso,4.72,-5.367,-5.14,21,206.4801265335309,38.917141356996844,122.98841598472136,0.0,41.29262768553787,409.67831156078694,4,2,0.4404999999999997,0,44,282,547,0,13,39,109,4,40,112,321,0,0,0,0,4,37,127,276,0.6363636363636364,6,4,7,322.25399999999996,9,4,0.5384615384615384,1,6,156.10999999999999,109.70373301833422,1366.0523221588337,7.1934098582214645,70.8589065415436,11.121455456063307
4dld,5.82,-6.91,-5.896,21,144.94227280785918,29.80886383016273,201.0943493853028,0.0,104.80185658118006,480.64734260450473,0,0,1.2198000000000002,0,48,359,739,0,16,58,122,4,55,175,372,0,0,0,0,3,56,176,310,0.3333333333333333,5,3,10,316.6970000000001,7,3,1.0,1,7,143.76,130.30986893103528,1763.0450968836662,10.459976524956183,98.89069927782613,14.691180969911548
3gbb,6.9,-7.924,-6.437,18,229.38839557773593,23.708453115688258,140.3869359269871,0.0,34.41863957068627,427.9024241910975,2,1,-0.4202999999999999,0,63,356,755,0,11,40,60,4,55,206,411,0,0,0,0,4,52,143,264,0.8181818181818182,5,3,7,259.258,7,3,0.7,2,4,119.08,141.71689043771016,1704.6178661482247,7.119816475385146,101.07664444382387,10.87540897584631
3fv2,8.11,-9.258,-7.042,20,193.41762438376796,25.60863516403518,170.5843715080306,0.0,50.747913700825215,440.35854475665906,2,1,-2.4786999999999977,0,69,367,791,0,11,39,68,6,75,277,578,0,0,0,0,3,69,206,432,0.8181818181818182,7,5,11,291.256,9,5,0.7857142857142857,2,4,159.54,162.6982311886677,2094.185152025423,8.864635295196683,104.14651673634454,14.72047113527968
3fv1,9.3,-9.244,-7.288,21,247.69654103392844,33.93912692589389,135.65830035065403,0.0,46.70826032280748,464.00222863328383,2,1,-2.2515999999999963,0,85,411,839,0,19,74,137,7,73,234,511,0,0,0,0,3,78,193,431,0.8333333333333334,7,5,11,304.299,9,5,0.7857142857142857,2,5,151.34,182.19878821942595,2167.522586961968,10.585059644749638,115.66432121935702,18.03538553021458
4mgd,4.69,-7.744,-6.815,19,229.47865086433927,0.0,70.64967133354072,0.0,188.85269270901742,488.9810149068974,0,0,4.599900000000003,0,20,372,905,0,0,0,0,1,13,64,129,0,0,0,0,3,24,122,317,0.14285714285714285,2,2,4,317.599,2,2,1.0,2,2,40.46,77.16342778922824,1475.1709570693827,2.4776225386401043,129.6427535991653,5.945658113067683
2qe4,7.96,-9.129,-7.452,24,447.3257927406109,0.0,75.23079719351568,0.0,28.264876210275528,550.8214661444022,3,0,4.261600000000004,0,31,475,1200,0,0,0,0,0,20,95,223,0,0,0,0,1,17,59,104,0.4,4,2,3,326.39200000000005,4,2,0.5,4,3,58.92,91.09997157726309,1667.8231538436983,2.0194545348826014,152.4624408285895,3.640669868800316
1qkt,9.04,-9.201,-7.944,20,384.40886236709144,0.0,61.84255688584728,0.0,29.28227729096831,475.533696543907,1,0,3.609200000000002,0,25,428,1130,0,0,0,0,0,11,62,115,0,0,0,0,0,20,58,115,0.6666666666666666,2,2,3,272.388,2,2,0.75,4,0,40.46,79.21045083253252,1475.5678087214308,1.0330366514841887,128.32333119161632,2.017119329638685
2pog,9.54,-9.552,-8.559,21,402.95988119059035,0.0,60.5826233538661,0.0,28.081140774484062,491.62364531894053,2,0,4.115200000000002,0,28,468,1147,0,0,0,0,1,14,70,194,0,0,0,0,3,14,55,131,0.3333333333333333,3,2,3,282.33899999999994,3,2,0.6,4,1,49.69,80.65843789501447,1585.6318546406171,2.6740987404481915,141.78595391244485,6.055227335012864
2p15,10.3,-13.744,-12.497,32,481.68480443494093,0.0,62.33782993189391,0.0,97.7043373889995,641.7269717558344,1,0,6.711600000000006,0,42,648,1673,0,0,0,0,0,15,60,127,0,0,0,0,1,37,131,268,0.48148148148148145,2,2,3,442.521,2,2,0.75,5,2,40.46,142.53449243062514,2248.5349087742684,2.222198695403326,225.23832969686313,3.396870054829744
1lpg,7.09,-7.994,-3.952,41,565.1239683141453,75.30979245161907,7.826699634862667,0.0,30.705326439058766,678.9657868396857,3,1,5.679370000000004,0,152,789,1593,0,20,159,264,0,7,48,98,0,0,0,0,1,26,136,248,0.17647058823529413,3,3,2,546.6950000000003,3,3,0.3333333333333333,5,10,93.13000000000001,204.44942521107373,2532.402321407882,2.0373515741704606,224.84731747124653,14.50986498305645
1z6e,9.72,-10.695,-8.853,38,392.49894936831026,96.02942704292983,31.94103016135023,0.0,121.48423914146147,641.9536457140518,4,0,4.253200000000002,0,88,687,1187,0,34,236,408,0,10,77,126,0,0,0,0,0,42,195,359,0.16666666666666666,7,2,4,528.4700000000003,6,2,0.5,5,6,120.03,199.40887948429074,2451.1212228283475,2.006838127235274,222.96735251397055,5.103768600597909
1mq6,11.15,-9.295,-6.83,36,358.8499135016841,23.162589244926,37.42587182055975,35.40448175747073,203.8109742110598,658.6538305357005,4,0,5.434500000000003,0,87,644,1108,0,20,148,266,0,13,77,180,0,2,25,39,0,33,157,259,0.21739130434782608,8,2,4,568.8700000000001,6,2,0.5,4,7,105.14999999999999,191.31221486344327,2158.655766151649,0.7318823633545987,214.17629155793435,6.833507761822568
1nc3,5.0,-9.135,-7.881,19,161.75331843121484,109.98384270496987,108.92764875438247,0.0,64.31607702584601,444.98088691641334,3,0,-1.9109000000000005,0,49,386,715,1,51,193,374,1,27,138,255,0,0,0,0,5,65,233,432,0.5,8,5,9,267.245,7,5,0.75,3,2,150.4,164.00785381952434,2056.082182371453,7.770239897995541,109.71182608511955,10.600973469401444
1nc1,6.12,-7.52,-5.247,20,258.9844919956156,61.98364029908123,74.68976737669118,44.96692310575796,46.450114968095654,487.0749377452417,4,0,-0.004300000000000526,0,73,441,853,0,26,160,302,1,27,114,194,0,1,30,62,4,45,165,283,0.5,7,3,5,296.35200000000003,6,3,0.5555555555555556,3,3,106.42,163.06692513044263,1974.0026138150183,4.130997035002883,132.23436447924834,11.966274163981828
1y6r,10.11,-8.996,-7.047,20,232.53652882599667,73.95517119169955,61.238267018768745,40.76546832516703,80.47127234012412,488.9667077017561,4,1,-0.6672999999999987,0,58,443,834,0,42,189,368,1,21,79,123,0,2,27,61,4,78,267,478,0.5833333333333334,7,6,7,297.384,6,6,0.5833333333333334,3,3,118.69,173.3080299189923,2169.367555504643,4.621237577707903,125.66277816901268,8.703748813278416
4f2w,11.3,-8.771,-6.871,20,302.4574768335184,79.56799798134557,31.202034657103972,43.695990660704496,43.56585335180439,500.4893534844768,4,0,0.6957999999999998,0,64,465,910,1,37,197,346,0,6,38,56,0,1,28,60,2,44,164,280,0.5384615384615384,6,3,4,293.396,5,3,0.5,3,4,91.06,160.54851084156567,1931.8566586134257,3.4443972341158418,133.51580873060828,6.915648979101461
4f3c,11.82,-8.674,-6.943,23,362.0336866679261,81.76896960265235,34.591146140176534,37.083058108635505,41.46723743643791,556.9440979558283,4,0,1.8660999999999999,0,72,539,1033,1,44,190,349,0,7,38,54,0,0,31,57,2,43,172,276,0.625,6,3,4,335.477,5,3,0.5,3,7,91.06,179.16743271224658,2081.8967113019457,3.879674901132058,175.9968593438608,9.830415482006826
3gy4,5.1,-5.944,-5.115,10,143.2496945447084,100.38514414186021,0.0,0.0,46.44293942290504,290.0777781094737,0,0,-1.2667999999999997,0,33,305,477,0,23,123,193,0,0,0,0,0,0,0,0,3,55,223,382,0.0,1,3,3,136.17799999999994,0,3,1.0,1,1,77.63,82.31135489674074,1283.4224940422914,2.965478869454594,58.83874610329111,3.824906168896728
2fxs,6.06,-5.362,-2.848,28,229.9192888067351,0.7325515764420261,146.79828266594376,0.0,92.0763233282581,469.5264463773789,5,4,2.5289000000000006,0,55,362,900,0,2,16,43,1,37,182,414,0,0,0,0,2,38,121,300,0.2222222222222222,8,5,4,411.7940000000001,8,5,0.3076923076923077,2,6,145.55,101.19658843000303,1814.5768088369682,2.4116136412476377,88.40289299040654,7.748375696166915
2iwx,6.68,-5.11,-3.25,24,202.78912279917793,0.0,112.98193974118368,0.0,140.56980839689982,456.34087093726146,3,1,3.9300000000000037,0,23,370,915,0,0,0,0,0,24,135,309,0,0,0,0,1,28,159,368,0.4444444444444444,5,2,3,352.81399999999996,5,2,0.42857142857142855,2,0,83.83,89.92110082277371,1744.1105273007365,1.0874425909600978,94.32856770433544,4.550890492158847
2vw5,8.52,-6.13,-4.371,36,412.2650085439688,44.7831631643727,107.75539640815671,0.0,nan,nan,3,1,4.6978000000000035,0,64,525,1226,0,10,56,134,1,29,131,309,0,0,0,0,3,41,166,467,0.5714285714285714,6,4,6,502.65200000000027,6,4,0.6,2,2,131.11,123.0501958257497,2323.535934375006,2.9943378734567094,115.94112212226169,6.119155935603221
4kzq,6.1,-10.804,-7.925,18,353.9634478016422,0.0,68.326625639159,0.0,11.113435063936908,433.40350850473806,2,1,3.0987000000000022,0,70,548,1098,0,0,0,0,2,18,98,214,0,0,0,0,0,3,25,52,0.13333333333333333,3,1,1,240.25799999999998,3,1,0.25,3,1,46.53,124.76959948816196,1559.6701945005407,1.0639193793914354,180.75355802686147,5.891588355203868
4kzu,6.5,-11.345,-8.676,18,333.4981722725242,0.0,40.00228381325992,0.0,81.71068514941031,455.2111412351944,1,0,4.222500000000002,0,71,561,1096,0,0,0,0,2,17,67,160,0,0,0,0,0,2,27,56,0.0,2,0,1,301.13899999999995,2,0,0.5,3,1,30.21,128.22232729153743,1504.5526231281344,1.1547032763543674,196.32521064396482,6.410672380944598
4j21,7.41,-11.666,-8.537,20,306.2392905520086,25.568546250823648,45.64096425905442,0.0,87.99267523128302,465.4414762931697,0,1,3.7391200000000016,0,61,495,1101,0,10,52,117,1,9,44,75,0,0,0,0,1,21,93,224,0.0625,2,2,2,284.746,1,2,0.6666666666666666,3,1,58.879999999999995,122.93974786502129,1684.1817067480222,1.9016330341711483,182.84260589972203,6.845271521461274
4j3l,7.8,-10.746,-7.756,26,356.041877350485,13.172450273953656,59.38327626540231,0.0,80.593465361443,509.1910692512839,2,1,3.533120000000001,0,68,548,1261,0,12,48,117,2,10,59,143,0,0,0,0,1,21,90,173,0.2,3,2,2,370.836,3,2,0.4,3,5,71.19,135.08510588891068,1876.4778601293503,2.482656132326422,201.4835870473227,9.644373346550646
3kr8,8.1,-10.584,-7.736,21,273.2095485145219,15.297215848593236,35.50357584675399,51.08941114793396,100.55823757051523,475.6579889283184,3,0,3.657300000000002,0,55,513,1020,0,16,60,171,2,10,43,68,0,6,39,75,2,19,131,238,0.2857142857142857,4,1,2,312.31600000000003,4,1,0.4,3,1,46.010000000000005,138.25373630850413,1802.2938501925419,2.1628477570736013,174.3038793861228,8.212334657460497
2ymd,3.16,-6.857,-6.33,13,241.36941563621403,44.74896014883722,35.89472724278746,0.0,48.80019557899782,370.8132986068365,0,0,1.3747,0,46,379,698,0,22,61,142,1,11,40,64,0,0,0,0,5,51,124,279,0.2,2,3,5,176.21899999999997,2,3,1.0,2,2,62.03999999999999,115.93321120665617,1329.3508933136359,4.7794725195580945,115.92604082755602,8.613600079518868
2wnc,6.32,-7.289,-4.328,21,405.8386887700848,9.866574609259686,19.42053849221099,0.0,12.691465186232694,447.8172670577881,3,1,2.9499000000000013,0,59,371,962,0,2,67,104,0,6,34,121,0,0,0,0,0,7,24,57,0.47058823529411764,3,1,0,284.359,3,1,0.0,4,2,45.33,100.96347229943356,1344.8137934586907,0.0,141.02085080083015,4.8993087739014065
2xys,7.42,-8.528,-4.473,25,354.82795068177535,7.656071611922859,40.78910134854524,0.0,nan,nan,3,0,2.0925,0,47,398,1141,0,4,46,128,0,7,48,117,0,0,0,0,0,20,98,250,0.5714285714285714,3,0,0,334.4190000000001,3,0,0.0,7,0,32.78,110.33196320758668,1718.1111424353776,0.0,125.14255501524241,6.046179208688236
2wn9,8.52,-7.022,-5.745,22,386.2702229763389,32.527975435058025,35.004085348235954,0.0,14.634129205843257,468.43641296547617,3,0,3.4623000000000017,0,45,374,875,0,12,50,123,0,11,40,98,0,0,0,0,1,10,19,40,0.2222222222222222,4,1,2,294.3539999999999,4,1,0.4,3,3,54.71,97.86849258354312,1239.0268891178932,1.554569739286018,127.37557247209945,3.928928196607101
2x00,11.33,-8.837,-7.169,37,544.1529137408594,1.0894712158066482,66.56946420519063,0.0,47.99700688024933,659.8088560421061,5,1,6.506800000000008,0,61,645,1556,0,2,26,56,0,8,74,189,0,0,0,0,0,10,77,191,0.75,5,1,0,509.73100000000045,5,1,0.0,5,1,68.12,135.23558070061375,2169.0851417927856,0.0,198.69381928882464,3.7490175503138214
3ozt,4.13,-10.096,-7.892,31,339.80660878850114,8.639815429235846,230.59170728141487,0.0,49.36769481732505,628.4058263164768,6,0,-0.22689999999999966,0,96,621,1089,0,15,86,155,3,58,254,512,0,0,0,0,3,52,156,302,0.2631578947368421,9,5,8,433.3730000000001,9,5,0.5714285714285714,3,6,184.39000000000001,197.7609732987474,2406.502573965363,5.933382324226665,175.9667097608994,12.561629112214638
3ozs,5.33,-9.505,-7.228,33,275.55462928706197,28.48507830641249,195.00261064534394,0.0,153.20950203197484,652.2518202707929,7,0,0.8267000000000002,0,88,592,1026,0,20,126,220,1,49,232,429,0,0,0,0,4,72,285,530,0.3333333333333333,9,5,7,474.3480000000001,9,5,0.5,3,6,180.21,190.2732264127148,2620.452210695728,5.58040123475364,185.82099936961149,12.841005066062785
3oe5,6.88,-9.277,-7.492,31,351.43009023860174,33.394966348395336,191.42253830304355,26.2911100193078,39.33326669640307,641.8719716057515,5,0,0.9259999999999995,0,98,635,1100,1,18,83,170,1,51,221,439,0,9,24,61,4,51,179,299,0.2631578947368421,10,5,10,449.4410000000001,10,5,0.6666666666666666,3,7,175.28000000000003,206.3907310548285,2446.043867840454,7.468395325716032,178.8178135586372,14.977098261955156
3oe4,7.47,-9.565,-7.068,33,337.00997514881635,71.63709630017082,194.87421139190516,0.0,38.29429378587725,641.8155766267696,7,0,-0.2488999999999995,0,98,617,1084,1,40,194,354,1,50,223,436,0,0,0,0,4,51,172,296,0.2631578947368421,11,5,9,458.38700000000017,11,5,0.5625,4,6,205.99,209.6002130146149,2581.9535125870325,7.306946645157848,172.71794105974007,17.159070385944627
3nw9,9.0,-10.889,-8.474,38,456.66612881062014,56.21237447395625,130.1993403469929,0.0,51.051392477279016,694.1292361088481,5,1,1.9574199999999997,0,110,774,1450,0,39,175,330,1,45,194,365,0,0,0,0,4,54,175,336,0.23076923076923078,9,5,8,521.5050000000002,9,5,0.5714285714285714,5,6,162.85000000000002,231.6276187694328,2904.7422326938395,7.317519868106782,213.70132641833953,18.306184236592955
3ao4,2.07,-6.229,-3.35,16,286.99769193413306,45.68012036286338,35.81636508951587,0.0,18.81672355490502,387.31090094141734,1,0,1.3979999999999997,0,49,379,728,0,9,70,160,0,19,87,141,0,0,0,0,0,10,55,98,0.18181818181818182,4,1,3,217.228,3,1,0.75,3,1,62.3,104.94730578033398,1305.1336601646135,1.079094734577485,117.57551197116456,6.756785434113015
3zt2,2.84,-9.105,-6.922,23,334.6957366937188,0.0,86.84309511178394,0.0,16.073504597111732,437.6123364026145,2,1,2.779300000000002,0,52,433,1085,0,0,0,0,2,38,123,208,0,0,0,0,2,8,26,28,0.1111111111111111,4,1,3,308.289,5,1,0.5,4,2,72.83000000000001,111.37995593913955,1479.9111208691127,2.5710853803181135,123.58172820201162,7.219753158127848
3zsx,3.28,-7.212,-5.646,34,415.99241826799494,2.7387919471503217,77.8939386028288,0.0,6.323716632815565,502.94886545078964,3,0,2.897000000000001,0,60,499,1196,0,3,25,71,2,30,109,215,0,0,0,0,1,4,17,32,0.18518518518518517,6,1,4,457.5060000000003,6,1,0.5714285714285714,4,10,90.93,123.57731225737719,1672.0897136007018,3.4488353017640785,133.08526699458838,6.0982201713041135
4cig,3.67,-7.469,-6.002,37,434.0885760534678,1.8017523688024046,53.97281260719238,0.0,11.337046721270532,501.2001877507331,3,1,5.117200000000005,0,72,535,1234,0,3,26,58,2,27,110,229,0,0,0,0,2,14,37,53,0.2,5,2,4,498.57900000000024,6,2,0.5,4,10,88.10000000000001,139.2645051266716,1764.8277366866644,3.5030405139569494,150.01787473188867,7.270968675116788
3n7a,3.7,-6.985,-6.542,12,120.83965893994535,0.0,168.11829077984186,0.0,42.539532402577144,331.4974821223643,1,1,-1.5162000000000002,0,43,279,550,0,0,0,0,5,55,189,358,0,0,0,0,3,45,147,296,0.5714285714285714,4,4,7,174.152,5,4,0.7777777777777778,1,1,97.99000000000001,106.94371527199993,1396.4130020862885,7.53224952904845,60.61622682078092,9.304279620502886
3n86,5.64,-10.499,-8.909,23,316.11297940626696,5.835468654622529,196.9913003295851,0.0,36.140592456032294,555.0803408465069,1,3,0.4810999999999997,0,89,657,1257,0,4,32,85,5,68,226,442,0,0,0,0,2,35,141,309,0.3125,5,4,6,319.31300000000016,6,4,0.6,2,5,123.92999999999999,179.26746637156688,2404.3895170248484,7.247137283759024,167.16333763456598,12.486041251209102
3n76,6.85,-8.799,-7.806,22,314.0411042669079,0.0,168.76186391111722,0.0,30.403802775006596,513.2067709530317,2,2,0.7930999999999984,0,80,608,1032,0,0,0,0,5,58,207,404,0,0,0,0,3,36,135,259,0.5625,5,4,6,310.34599999999995,6,4,0.6,2,6,107.22000000000001,164.25215726846133,1999.4786795588138,6.533753522080801,162.9427564110892,13.32814049833847
2xb8,7.59,-8.653,-6.183,22,256.50667707978806,0.0,178.66873235803075,0.0,42.03851305849493,477.2139224963138,2,2,-0.6358000000000001,0,63,529,1029,0,0,0,0,4,63,236,478,0,0,0,0,5,44,129,275,0.4666666666666667,6,4,7,310.302,7,4,0.6363636363636364,2,4,124.29000000000002,146.45173311011123,2050.8004103248463,6.328932545020928,138.21223604190453,14.989571520335042
4bkt,3.62,-5.795,-5.127,19,200.88426809402247,40.07672793378935,72.23657736949058,0.0,22.489803780043193,335.6873771773455,3,0,-0.7666799999999994,0,44,267,510,0,13,70,125,1,25,78,194,0,0,0,0,2,16,58,102,0.5833333333333334,5,2,4,267.28499999999997,5,2,0.5714285714285714,2,3,95.67,93.12011941863375,1070.869252188711,3.8366341040774117,95.34118098391758,5.094591753094807
4w9c,4.65,-7.089,-5.965,28,324.43031279083016,27.47871564580586,70.7858501603639,0.0,19.17902478625013,441.8739033832502,3,0,2.3558000000000003,0,52,420,889,0,9,71,131,1,22,87,199,0,0,0,0,2,18,57,98,0.47619047619047616,5,2,4,385.4640000000001,5,2,0.5714285714285714,3,5,95.67,112.28669417674078,1491.0019720863352,3.879102084381556,144.05416977899284,6.580079695491655
4w9l,5.02,-7.932,-6.612,41,430.6605026209344,22.779181817797024,107.48904061611513,43.49395764506992,23.453961408678417,627.8766441085947,3,1,2.778220000000003,0,69,594,1264,0,9,122,196,1,31,95,230,0,2,31,58,2,22,98,153,0.5666666666666667,7,4,6,585.7710000000001,6,4,0.6,3,8,140.73000000000002,158.78962016887428,2166.560422046749,4.9970206519692395,192.21705657350472,9.732138888854012
4w9i,5.96,-7.985,-6.311,33,354.3862323857136,22.49959020341696,91.19593714819658,43.815323525980716,17.320764475784934,529.2178477390927,4,1,0.678220000000002,0,55,468,1115,0,8,93,169,1,22,86,210,0,4,28,61,1,18,68,111,0.4782608695652174,7,3,4,472.5670000000002,6,3,0.4444444444444444,4,5,123.07000000000001,131.17754590590334,1839.7086785314802,4.3023948452805705,161.13005604291774,7.220495952415324
4w9h,6.73,-8.018,-6.099,33,397.9936582180428,22.847406225979096,87.08178607277843,44.49541921351845,17.487802038215076,569.9060717685339,3,1,2.24732,0,66,489,1157,0,12,94,182,1,26,86,208,0,4,29,61,2,21,68,134,0.5,6,3,4,472.61100000000016,5,3,0.5,3,6,111.63000000000001,147.6216288108838,1912.4351400319154,4.326596730152493,177.78233594060842,9.996945790653676
3nq9,4.03,-2.711,-2.341,10,236.44818780656095,0.0,57.84026922367651,0.0,16.35837985919848,310.6468368894358,2,1,2.4314999999999998,0,10,130,397,0,0,0,0,0,4,38,93,0,0,0,0,0,4,20,41,0.875,1,1,0,144.214,2,1,0.0,0,6,37.3,26.24134664079027,544.5389633451247,0.0,46.16117145335786,0.6772163735798462
3ueu,5.24,-4.596,-3.947,14,383.62494836034426,0.0,47.86292686789724,0.0,5.980176539935887,437.4680517681773,2,1,3.991900000000004,0,22,218,746,0,0,0,0,0,2,25,105,0,0,0,0,0,4,13,70,0.9166666666666666,1,1,0,200.32199999999995,2,1,0.0,0,10,37.3,49.929663903237,888.3204930315021,0.0,100.91075967924033,2.009593445537452
3uex,6.92,-5.222,-4.761,20,510.51754621044887,0.0,35.160574573118375,0.0,13.216443284060626,558.8945640676277,2,0,6.332500000000008,0,30,330,1033,0,0,0,0,0,5,25,60,0,0,0,0,1,10,11,37,0.9444444444444444,1,1,1,284.4839999999999,2,1,0.3333333333333333,0,16,37.3,76.13704915086802,1148.6792692412926,0.0,139.94352892291863,2.439188816738473
3lka,2.82,-5.267,-3.915,12,206.01559165353868,26.900261185734635,82.99551269771018,0.9905085684201852,16.581311232337466,333.4831853377412,3,0,0.3426000000000003,0,27,266,493,0,2,34,45,1,19,84,189,0,2,38,46,0,10,53,107,0.14285714285714285,3,1,2,187.22,4,1,0.4,1,2,69.39,69.32562477144913,1045.6353250763495,1.1023805924350785,78.20196276420324,3.0494798810284647
3ehy,5.85,-5.384,-3.95,17,246.2227344871581,5.06071257957938,129.86687944517143,1.502247203484951,18.475773528385343,401.1283472437792,3,2,0.44659999999999983,0,37,347,623,0,0,23,56,2,38,135,286,0,2,33,46,4,11,42,112,0.3,4,2,3,259.283,6,2,0.375,1,5,92.7,97.2108039658575,1309.9826659314363,1.6301703006930288,88.51976230706173,9.823916447744544
3tsk,7.17,-7.817,-6.115,40,496.76316037085104,29.18530236752133,90.6776432042902,35.40688108512117,26.305559295917895,678.3385463237018,4,3,2.5999000000000003,0,77,809,1561,0,6,74,112,2,17,80,184,0,6,34,77,0,18,93,167,0.27586206896551724,6,5,4,564.6640000000003,6,5,0.36363636363636365,3,15,181.68,165.24273956616253,2439.905892232427,1.5779733282480732,213.58679687589174,6.638774333460606
3nx7,8.1,-6.214,-4.5,20,231.17704965988818,10.359248823771768,137.59958719304774,0.9510619617514824,20.744501422762767,400.831449061222,4,1,-0.8164,0,34,347,643,0,7,60,94,1,37,145,338,0,3,31,48,3,19,55,133,0.36363636363636365,6,3,5,304.324,7,3,0.5,1,7,116.17000000000002,94.95980481477879,1459.168993760067,3.4368749913787613,81.57739047630943,8.12682207642811
4gr0,9.55,-10.4,-8.286,44,462.34827956496395,33.479422412608955,145.2343290463004,0.0,141.61424141566923,782.6762724395423,4,1,4.673800000000004,0,96,917,1682,0,12,102,181,3,42,151,280,0,0,0,0,1,30,156,302,0.22580645161290322,6,4,6,701.942,7,4,0.5454545454545454,4,12,164.62,209.13873361544404,2887.806278509482,3.649975877478104,248.82682910341924,11.993797384536624
3dxg,2.4,-4.387,-2.54,21,109.54017769695872,10.203343050097649,130.35378022940245,0.0,41.815092712535574,291.91239368899437,7,4,-2.7348999999999988,0,16,211,471,0,8,72,100,0,23,135,381,0,0,0,0,2,15,91,215,0.5555555555555556,7,5,3,324.182,9,5,0.21428571428571427,2,4,171.31,54.08416607331401,1274.3155394441123,1.5328605586050985,37.055610137914286,3.421175522074325
3d6q,3.76,-4.855,-3.142,22,120.49278249153838,11.404771052706,128.553802668757,0.0,24.122773154632753,284.5741293676341,4,1,-1.3582999999999985,0,19,220,571,0,9,74,139,0,32,125,250,0,0,0,0,2,21,73,167,0.7142857142857143,6,3,4,311.3380000000001,6,3,0.4444444444444444,3,3,107.78999999999999,57.06672656660335,1245.266611427606,2.1093998712828577,37.35228627999298,3.8286581157528747
1w4o,5.22,-5.458,-4.755,21,105.15618167988319,10.481507357898067,190.7278017985294,0.0,52.96339402427832,359.32888486058897,4,2,-2.7348999999999988,0,17,227,461,0,8,71,99,3,53,209,437,0,0,0,0,3,36,143,262,0.5555555555555556,7,5,8,324.182,9,5,0.5714285714285714,2,4,171.31,89.24031019914462,1436.2870887896906,6.175581402484476,41.418456060806434,9.594841495015626
1o0h,5.92,-6.205,-4.617,27,125.66983919172839,79.60949857427067,166.53960935831816,0.0,42.16009230402953,413.9790394283468,6,4,-1.7460000000000007,0,34,205,454,0,34,137,257,2,54,186,387,0,0,0,0,1,54,213,336,0.5,11,6,9,427.20300000000015,13,6,0.47368421052631576,3,6,232.60000000000002,123.9956555204337,1690.223097087867,7.3897726846548695,47.70646148876145,9.459788292489883
1u1b,7.8,-6.888,-4.244,51,257.0842999612856,91.22254941282809,231.3256428467541,0.0,42.45585715864584,622.0883493795137,17,5,-3.2446799999999936,0,36,409,963,0,36,189,354,1,54,287,697,0,0,0,0,2,43,198,378,0.55,20,7,8,809.3610000000002,23,7,0.26666666666666666,5,14,404.6400000000001,137.6173859564653,2669.7369934350018,4.811833263790321,85.69351760441616,6.852607509555256
