beta,rn_i,rn_j,dist,dom_i,dom_j,off_i,off_j,same_domain,offset_diff
0.0,5,12,1.59,,D1,,5,False,
0.0,5,13,1.56,,D1,,6,False,
0.0,6,12,0.31,,D1,,5,False,
0.0,6,13,0.26,,D1,,6,False,
0.0,6,14,1.41,,D1,,7,False,
0.0,7,14,0.44,D1,D1,0,7,True,7
0.0,8,14,1.68,D1,D1,1,7,True,6
0.0,8,16,0.47,D1,D1,1,9,True,8
0.0,8,17,1.17,D1,D1,1,10,True,9
0.0,8,132,1.26,D1,D1,1,125,True,124
0.0,9,16,0.91,D1,D1,2,9,True,7
0.0,9,101,1.46,D1,D1,2,94,True,92
0.0,10,14,1.39,D1,D1,3,7,True,4
0.0,10,101,1.2,D1,D1,3,94,True,91
0.0,11,48,1.97,D1,D1,4,41,True,37
0.0,11,101,0.78,D1,D1,4,94,True,90
0.0,11,214,1.87,D1,D2,4,75,False,71
0.0,11,215,1.83,D1,D2,4,76,False,72
0.0,11,216,1.32,D1,D2,4,77,False,73
0.0,12,186,1.33,D1,D2,5,47,False,42
0.0,27,43,1.88,D1,D1,20,36,True,16
0.0,32,117,1.49,D1,D1,25,110,True,85
0.0,41,45,1.99,D1,D1,34,38,True,4
0.0,46,54,1.79,D1,D1,39,47,True,8
0.0,49,55,0.7,D1,D1,42,48,True,6
0.0,52,69,1.11,D1,D1,45,62,True,17
0.0,53,69,0.59,D1,D1,46,62,True,16
0.0,53,70,1.44,D1,D1,46,63,True,17
0.0,54,61,1.28,D1,D1,47,54,True,7
0.0,54,62,1.36,D1,D1,47,55,True,8
0.0,55,60,1.89,D1,D1,48,53,True,5
0.0,55,61,0.26,D1,D1,48,54,True,6
0.0,55,85,2.0,D1,D1,48,78,True,30
0.0,69,83,1.76,D1,D1,62,76,True,14
0.0,86,90,1.99,D1,D1,79,83,True,4
0.0,87,106,1.64,D1,D1,80,99,True,19
0.0,110,124,1.41,D1,D1,103,117,True,14
0.0,134,184,1.74,D1,D2,127,45,False,82
0.0,158,166,1.04,D2,D2,19,27,True,8
0.0,182,206,1.64,D2,D2,43,67,True,24
0.0,185,208,0.68,D2,D2,46,69,True,23
0.0,186,211,0.92,D2,D2,47,72,True,25
0.0,186,212,1.94,D2,D2,47,73,True,26
0.0,196,210,1.7,D2,D2,57,71,True,14
0.0,197,201,1.52,D2,D2,58,62,True,4
0.0,198,225,1.97,D2,D2,59,86,True,27
0.0,198,226,1.73,D2,D2,59,87,True,28
0.0,198,227,1.86,D2,D2,59,88,True,29
0.0,207,226,1.72,D2,D2,68,87,True,19
0.0,208,212,1.6,D2,D2,69,73,True,4
0.0,209,226,1.1,D2,D2,70,87,True,17
0.0,215,230,0.93,D2,D2,76,91,True,15
0.0,225,242,1.59,D2,D2,86,103,True,17
0.0,300,458,1.54,D3,D4,38,71,False,33
0.4,4,11,1.94,,D1,,4,False,
0.4,4,12,0.77,,D1,,5,False,
0.4,4,13,0.55,,D1,,6,False,
0.4,5,10,1.4,,D1,,3,False,
0.4,5,12,1.17,,D1,,5,False,
0.4,5,14,0.6,,D1,,7,False,
0.4,6,10,1.49,,D1,,3,False,
0.4,6,14,1.46,,D1,,7,False,
0.4,6,16,1.26,,D1,,9,False,
0.4,6,133,1.22,,D1,,126,False,
0.4,7,15,1.6,D1,D1,0,8,True,8
0.4,7,16,0.42,D1,D1,0,9,True,9
0.4,7,17,0.86,D1,D1,0,10,True,10
0.4,7,132,1.89,D1,D1,0,125,True,125
0.4,8,16,1.52,D1,D1,1,9,True,8
0.4,8,17,1.05,D1,D1,1,10,True,9
0.4,8,131,1.6,D1,D1,1,124,True,123
0.4,8,132,0.72,D1,D1,1,125,True,124
0.4,9,101,1.26,D1,D1,2,94,True,92
0.4,9,102,1.77,D1,D1,2,95,True,93
0.4,10,14,1.41,D1,D1,3,7,True,4
0.4,10,48,1.01,D1,D1,3,41,True,38
0.4,10,101,0.62,D1,D1,3,94,True,91
0.4,11,48,1.86,D1,D1,4,41,True,37
0.4,11,101,0.8,D1,D1,4,94,True,90
0.4,12,216,1.72,D1,D2,5,77,False,72
0.4,47,54,1.88,D1,D1,40,47,True,7
0.4,48,101,0.97,D1,D1,41,94,True,53
0.4,49,219,1.51,D1,D2,42,80,False,38
0.4,50,54,1.12,D1,D1,43,47,True,4
0.4,51,61,1.35,D1,D1,44,54,True,10
0.4,51,62,1.91,D1,D1,44,55,True,11
0.4,51,63,1.23,D1,D1,44,56,True,12
0.4,51,69,0.99,D1,D1,44,62,True,18
0.4,52,63,0.68,D1,D1,45,56,True,11
0.4,52,64,1.12,D1,D1,45,57,True,12
0.4,52,68,1.12,D1,D1,45,61,True,16
0.4,52,69,1.16,D1,D1,45,62,True,17
0.4,53,61,1.14,D1,D1,46,54,True,8
0.4,53,62,1.24,D1,D1,46,55,True,9
0.4,53,69,0.8,D1,D1,46,62,True,16
0.4,53,70,1.99,D1,D1,46,63,True,17
0.4,54,63,1.45,D1,D1,47,56,True,9
0.4,54,69,1.02,D1,D1,47,62,True,15
0.4,55,61,1.81,D1,D1,48,54,True,6
0.4,55,85,1.87,D1,D1,48,78,True,30
0.4,61,85,1.27,D1,D1,54,78,True,24
0.4,69,83,1.66,D1,D1,62,76,True,14
0.4,85,90,1.98,D1,D1,78,83,True,5
0.4,86,90,1.65,D1,D1,79,83,True,4
0.4,96,102,1.7,D1,D1,89,95,True,6
0.4,134,181,0.68,D1,D2,127,42,False,85
0.4,134,184,1.99,D1,D2,127,45,False,82
0.4,136,186,0.73,D1,D2,129,47,False,82
0.4,158,237,1.99,D2,D2,19,98,True,79
0.4,182,206,0.81,D2,D2,43,67,True,24
0.4,193,385,1.9,D2,D3,54,123,False,69
0.4,197,201,1.19,D2,D2,58,62,True,4
0.4,197,207,1.93,D2,D2,58,68,True,10
0.4,198,225,1.94,D2,D2,59,86,True,27
0.4,215,230,1.67,D2,D2,76,91,True,15
0.4,224,228,1.43,D2,D2,85,89,True,4
0.4,225,242,1.8,D2,D2,86,103,True,17
0.4,431,446,1.83,D4,D4,44,59,True,15
0.8,5,11,0.57,,D1,,4,False,
0.8,6,10,1.16,,D1,,3,False,
0.8,6,11,0.27,,D1,,4,False,
0.8,6,12,0.6,,D1,,5,False,
0.8,6,48,1.32,,D1,,41,False,
0.8,6,138,1.16,,D1,,131,False,
0.8,7,12,1.82,D1,D1,0,5,True,5
0.8,7,46,1.75,D1,D1,0,39,True,39
0.8,7,47,1.85,D1,D1,0,40,True,40
0.8,7,48,0.85,D1,D1,0,41,True,41
0.8,7,49,1.56,D1,D1,0,42,True,42
0.8,8,14,1.75,D1,D1,1,7,True,6
0.8,8,48,1.08,D1,D1,1,41,True,40
0.8,8,62,1.08,D1,D1,1,55,True,54
0.8,9,60,1.46,D1,D1,2,53,True,51
0.8,10,48,0.47,D1,D1,3,41,True,38
0.8,10,49,1.54,D1,D1,3,42,True,39
0.8,11,48,1.84,D1,D1,4,41,True,37
0.8,12,216,1.79,D1,D2,5,77,False,72
0.8,49,54,0.75,D1,D1,42,47,True,5
0.8,50,55,1.77,D1,D1,43,48,True,5
0.8,51,61,1.29,D1,D1,44,54,True,10
0.8,51,85,1.3,D1,D1,44,78,True,34
0.8,52,69,1.67,D1,D1,45,62,True,17
0.8,61,85,1.59,D1,D1,54,78,True,24
0.8,86,90,1.99,D1,D1,79,83,True,4
0.8,88,108,1.82,D1,D1,81,101,True,20
0.8,96,102,1.22,D1,D1,89,95,True,6
0.8,98,131,1.98,D1,D1,91,124,True,33
0.8,110,122,1.23,D1,D1,103,115,True,12
0.8,135,181,1.39,D1,D2,128,42,False,86
0.8,137,394,1.7,D1,D4,130,7,False,123
0.8,162,239,1.89,D2,D2,23,100,True,77
0.8,182,205,1.63,D2,D2,43,66,True,23
0.8,182,206,0.6,D2,D2,43,67,True,24
0.8,186,214,1.82,D2,D2,47,75,True,28
0.8,197,201,0.65,D2,D2,58,62,True,4
0.8,198,225,1.22,D2,D2,59,86,True,27
0.8,198,227,1.86,D2,D2,59,88,True,29
0.8,207,211,1.98,D2,D2,68,72,True,4
0.8,208,226,1.98,D2,D2,69,87,True,18
0.8,209,226,1.23,D2,D2,70,87,True,17
0.8,260,458,1.94,D2,D4,121,71,False,50
0.8,468,483,1.13,D4,D4,81,96,True,15
1.2000000000000002,4,257,0.58,,D2,,118,False,
1.2000000000000002,4,258,1.06,,D2,,119,False,
1.2000000000000002,6,138,1.56,,D1,,131,False,
1.2000000000000002,7,11,1.14,D1,D1,0,4,True,4
1.2000000000000002,7,12,1.33,D1,D1,0,5,True,5
1.2000000000000002,8,12,0.28,D1,D1,1,5,True,4
1.2000000000000002,8,14,1.77,D1,D1,1,7,True,6
1.2000000000000002,8,46,1.83,D1,D1,1,39,True,38
1.2000000000000002,9,48,0.72,D1,D1,2,41,True,39
1.2000000000000002,9,49,1.8,D1,D1,2,42,True,40
1.2000000000000002,10,48,0.85,D1,D1,3,41,True,38
1.2000000000000002,11,48,1.97,D1,D1,4,41,True,37
1.2000000000000002,49,54,0.56,D1,D1,42,47,True,5
1.2000000000000002,49,61,1.85,D1,D1,42,54,True,12
1.2000000000000002,50,54,0.58,D1,D1,43,47,True,4
1.2000000000000002,50,55,1.14,D1,D1,43,48,True,5
1.2000000000000002,51,61,1.11,D1,D1,44,54,True,10
1.2000000000000002,51,85,0.55,D1,D1,44,78,True,34
1.2000000000000002,52,69,0.89,D1,D1,45,62,True,17
1.2000000000000002,53,85,1.39,D1,D1,46,78,True,32
1.2000000000000002,54,61,1.15,D1,D1,47,54,True,7
1.2000000000000002,54,62,1.67,D1,D1,47,55,True,8
1.2000000000000002,61,85,0.74,D1,D1,54,78,True,24
1.2000000000000002,72,88,1.39,D1,D1,65,81,True,16
1.2000000000000002,85,90,1.02,D1,D1,78,83,True,5
1.2000000000000002,86,90,1.71,D1,D1,79,83,True,4
1.2000000000000002,87,106,1.99,D1,D1,80,99,True,19
1.2000000000000002,96,102,1.86,D1,D1,89,95,True,6
1.2000000000000002,97,185,2.0,D1,D2,90,46,False,44
1.2000000000000002,136,186,0.94,D1,D2,129,47,False,82
1.2000000000000002,136,411,1.27,D1,D4,129,24,False,105
1.2000000000000002,137,394,1.58,D1,D4,130,7,False,123
1.2000000000000002,182,206,0.71,D2,D2,43,67,True,24
1.2000000000000002,185,211,1.69,D2,D2,46,72,True,26
1.2000000000000002,186,210,1.52,D2,D2,47,71,True,24
1.2000000000000002,186,211,1.44,D2,D2,47,72,True,25
1.2000000000000002,186,212,1.83,D2,D2,47,73,True,26
1.2000000000000002,187,210,1.84,D2,D2,48,71,True,23
1.2000000000000002,197,201,1.37,D2,D2,58,62,True,4
1.2000000000000002,197,203,1.4,D2,D2,58,64,True,6
1.2000000000000002,198,225,1.55,D2,D2,59,86,True,27
1.2000000000000002,258,459,1.63,D2,D4,119,72,False,47
1.2000000000000002,260,458,1.98,D2,D4,121,71,False,50
1.2000000000000002,271,284,1.88,D3,D3,9,22,True,13
1.2000000000000002,343,450,1.88,D3,D4,81,63,False,18
1.6,6,12,1.75,,D1,,5,False,
1.6,6,14,0.99,,D1,,7,False,
1.6,7,134,0.9,D1,D1,0,127,True,127
1.6,8,14,0.37,D1,D1,1,7,True,6
1.6,8,16,1.37,D1,D1,1,9,True,8
1.6,8,132,1.47,D1,D1,1,125,True,124
1.6,9,14,1.26,D1,D1,2,7,True,5
1.6,9,46,0.95,D1,D1,2,39,True,37
1.6,10,14,1.81,D1,D1,3,7,True,4
1.6,10,48,1.34,D1,D1,3,41,True,38
1.6,10,62,0.4,D1,D1,3,55,True,52
1.6,11,48,0.3,D1,D1,4,41,True,37
1.6,12,216,1.77,D1,D2,5,77,False,72
1.6,32,117,1.8,D1,D1,25,110,True,85
1.6,49,53,0.49,D1,D1,42,46,True,4
1.6,50,56,1.84,D1,D1,43,49,True,6
1.6,53,69,1.55,D1,D1,46,62,True,16
1.6,53,85,1.7,D1,D1,46,78,True,32
1.6,54,61,1.57,D1,D1,47,54,True,7
1.6,54,62,1.09,D1,D1,47,55,True,8
1.6,54,63,0.78,D1,D1,47,56,True,9
1.6,54,64,0.78,D1,D1,47,57,True,10
1.6,54,69,1.59,D1,D1,47,62,True,15
1.6,55,61,0.92,D1,D1,48,54,True,6
1.6,61,85,1.67,D1,D1,54,78,True,24
1.6,69,83,1.89,D1,D1,62,76,True,14
1.6,96,102,1.38,D1,D1,89,95,True,6
1.6,135,181,1.97,D1,D2,128,42,False,86
1.6,136,186,1.25,D1,D2,129,47,False,82
1.6,161,194,1.86,D2,D2,22,55,True,33
1.6,182,206,0.92,D2,D2,43,67,True,24
1.6,398,405,1.93,D4,D4,11,18,True,7
2.0,4,256,1.22,,D2,,117,False,
2.0,6,12,0.17,,D1,,5,False,
2.0,6,138,1.75,,D1,,131,False,
2.0,7,12,1.06,D1,D1,0,5,True,5
2.0,7,48,1.7,D1,D1,0,41,True,41
2.0,8,14,0.88,D1,D1,1,7,True,6
2.0,8,16,1.04,D1,D1,1,9,True,8
2.0,8,48,1.99,D1,D1,1,41,True,40
2.0,9,14,0.69,D1,D1,2,7,True,5
2.0,10,47,1.63,D1,D1,3,40,True,37
2.0,10,48,1.05,D1,D1,3,41,True,38
2.0,10,49,1.3,D1,D1,3,42,True,39
2.0,10,61,1.66,D1,D1,3,54,True,51
2.0,11,48,0.96,D1,D1,4,41,True,37
2.0,11,49,1.75,D1,D1,4,42,True,38
2.0,12,216,1.7,D1,D2,5,77,False,72
2.0,41,45,1.98,D1,D1,34,38,True,4
2.0,49,69,1.95,D1,D1,42,62,True,20
2.0,50,54,1.28,D1,D1,43,47,True,4
2.0,50,55,1.09,D1,D1,43,48,True,5
2.0,50,218,1.75,D1,D2,43,79,False,36
2.0,52,69,1.64,D1,D1,45,62,True,17
2.0,53,84,1.89,D1,D1,46,77,True,31
2.0,53,85,0.75,D1,D1,46,78,True,32
2.0,54,90,0.86,D1,D1,47,83,True,36
2.0,97,224,1.4,D1,D2,90,85,False,5
2.0,98,131,1.19,D1,D1,91,124,True,33
2.0,110,122,1.08,D1,D1,103,115,True,12
2.0,135,409,1.82,D1,D4,128,22,False,106
2.0,136,186,1.78,D1,D2,129,47,False,82
2.0,182,206,1.42,D2,D2,43,67,True,24
2.0,182,207,1.82,D2,D2,43,68,True,25
2.0,197,201,1.1,D2,D2,58,62,True,4
2.0,225,242,1.69,D2,D2,86,103,True,17
2.0,259,383,1.97,D2,D3,120,121,False,1
2.4000000000000004,4,257,1.6,,D2,,118,False,
2.4000000000000004,4,258,1.48,,D2,,119,False,
2.4000000000000004,6,11,1.66,,D1,,4,False,
2.4000000000000004,6,12,1.12,,D1,,5,False,
2.4000000000000004,7,12,0.64,D1,D1,0,5,True,5
2.4000000000000004,7,13,1.3,D1,D1,0,6,True,6
2.4000000000000004,8,12,1.77,D1,D1,1,5,True,4
2.4000000000000004,8,13,1.97,D1,D1,1,6,True,5
2.4000000000000004,8,14,1.99,D1,D1,1,7,True,6
2.4000000000000004,8,46,1.47,D1,D1,1,39,True,38
2.4000000000000004,8,48,1.71,D1,D1,1,41,True,40
2.4000000000000004,9,14,1.96,D1,D1,2,7,True,5
2.4000000000000004,9,48,1.6,D1,D1,2,41,True,39
2.4000000000000004,9,101,1.58,D1,D1,2,94,True,92
2.4000000000000004,10,48,0.96,D1,D1,3,41,True,38
2.4000000000000004,10,55,1.78,D1,D1,3,48,True,45
2.4000000000000004,12,138,1.97,D1,D1,5,131,True,126
2.4000000000000004,47,54,1.28,D1,D1,40,47,True,7
2.4000000000000004,48,55,1.03,D1,D1,41,48,True,7
2.4000000000000004,49,53,1.12,D1,D1,42,46,True,4
2.4000000000000004,49,54,0.8,D1,D1,42,47,True,5
2.4000000000000004,49,55,1.21,D1,D1,42,48,True,6
2.4000000000000004,50,55,1.72,D1,D1,43,48,True,5
2.4000000000000004,50,56,0.6,D1,D1,43,49,True,6
2.4000000000000004,50,57,2.0,D1,D1,43,50,True,7
2.4000000000000004,50,218,1.94,D1,D2,43,79,False,36
2.4000000000000004,50,219,1.91,D1,D2,43,80,False,37
2.4000000000000004,54,63,1.46,D1,D1,47,56,True,9
2.4000000000000004,96,102,1.48,D1,D1,89,95,True,6
2.4000000000000004,97,185,1.41,D1,D2,90,46,False,44
2.4000000000000004,133,184,1.87,D1,D2,126,45,False,81
2.4000000000000004,136,186,1.11,D1,D2,129,47,False,82
2.4000000000000004,145,150,1.99,D2,D2,6,11,True,5
2.4000000000000004,182,206,0.87,D2,D2,43,67,True,24
2.4000000000000004,182,207,1.88,D2,D2,43,68,True,25
2.4000000000000004,197,201,0.81,D2,D2,58,62,True,4
2.4000000000000004,353,368,1.1,D3,D3,91,106,True,15
2.8000000000000003,5,45,0.84,,D1,,38,False,
2.8000000000000003,6,13,1.47,,D1,,6,False,
2.8000000000000003,6,14,0.61,,D1,,7,False,
2.8000000000000003,6,44,0.91,,D1,,37,False,
2.8000000000000003,6,45,1.6,,D1,,38,False,
2.8000000000000003,7,15,0.92,D1,D1,0,8,True,8
2.8000000000000003,7,16,1.21,D1,D1,0,9,True,9
2.8000000000000003,8,14,1.85,D1,D1,1,7,True,6
2.8000000000000003,8,15,1.61,D1,D1,1,8,True,7
2.8000000000000003,8,16,1.11,D1,D1,1,9,True,8
2.8000000000000003,8,101,1.74,D1,D1,1,94,True,93
2.8000000000000003,9,62,1.28,D1,D1,2,55,True,53
2.8000000000000003,10,14,1.18,D1,D1,3,7,True,4
2.8000000000000003,10,48,1.02,D1,D1,3,41,True,38
2.8000000000000003,10,101,1.11,D1,D1,3,94,True,91
2.8000000000000003,11,48,0.53,D1,D1,4,41,True,37
2.8000000000000003,11,219,1.58,D1,D2,4,80,False,76
2.8000000000000003,50,55,1.6,D1,D1,43,48,True,5
2.8000000000000003,54,90,1.77,D1,D1,47,83,True,36
2.8000000000000003,61,85,1.91,D1,D1,54,78,True,24
2.8000000000000003,96,102,1.87,D1,D1,89,95,True,6
2.8000000000000003,97,185,1.62,D1,D2,90,46,False,44
2.8000000000000003,97,224,0.91,D1,D2,90,85,False,5
2.8000000000000003,110,122,1.52,D1,D1,103,115,True,12
2.8000000000000003,136,186,1.52,D1,D2,129,47,False,82
2.8000000000000003,161,194,1.6,D2,D2,22,55,True,33
2.8000000000000003,182,206,1.53,D2,D2,43,67,True,24
2.8000000000000003,182,207,0.66,D2,D2,43,68,True,25
2.8000000000000003,197,201,1.2,D2,D2,58,62,True,4
3.2,4,216,1.69,,D2,,77,False,
3.2,5,48,1.36,,D1,,41,False,
3.2,5,216,1.51,,D2,,77,False,
3.2,6,10,1.6,,D1,,3,False,
3.2,6,48,1.58,,D1,,41,False,
3.2,6,101,0.42,,D1,,94,False,
3.2,7,101,0.69,D1,D1,0,94,True,94
3.2,8,16,0.23,D1,D1,1,9,True,8
3.2,9,103,1.46,D1,D1,2,96,True,94
3.2,10,14,1.57,D1,D1,3,7,True,4
3.2,10,48,1.73,D1,D1,3,41,True,38
3.2,10,101,0.83,D1,D1,3,94,True,91
3.2,11,48,0.81,D1,D1,4,41,True,37
3.2,11,49,1.0,D1,D1,4,42,True,38
3.2,11,50,1.61,D1,D1,4,43,True,39
3.2,11,54,1.81,D1,D1,4,47,True,43
3.2,12,48,1.94,D1,D1,5,41,True,36
3.2,50,54,1.19,D1,D1,43,47,True,4
3.2,53,90,2.0,D1,D1,46,83,True,37
3.2,90,106,1.99,D1,D1,83,99,True,16
3.2,97,224,1.59,D1,D2,90,85,False,5
3.2,133,184,1.41,D1,D2,126,45,False,81
3.2,134,181,1.69,D1,D2,127,42,False,85
3.2,182,207,1.94,D2,D2,43,68,True,25
3.2,197,201,1.24,D2,D2,58,62,True,4
3.2,300,458,1.89,D3,D4,38,71,False,33
3.2,389,492,1.98,D4,D4,2,105,True,103
3.6,5,257,1.46,,D2,,118,False,
3.6,8,12,1.69,D1,D1,1,5,True,4
3.6,8,13,1.79,D1,D1,1,6,True,5
3.6,9,48,1.75,D1,D1,2,41,True,39
3.6,50,55,1.62,D1,D1,43,48,True,5
3.6,53,85,1.59,D1,D1,46,78,True,32
3.6,96,102,1.56,D1,D1,89,95,True,6
3.6,110,124,1.92,D1,D1,103,117,True,14
3.6,136,186,1.29,D1,D2,129,47,False,82
3.6,167,171,1.96,D2,D2,28,32,True,4
3.6,179,411,1.96,D2,D4,40,24,False,16
3.6,182,207,1.66,D2,D2,43,68,True,25
3.6,182,210,1.62,D2,D2,43,71,True,28
3.6,193,415,1.44,D2,D4,54,28,False,26
3.6,197,201,0.74,D2,D2,58,62,True,4
4.0,4,258,0.97,,D2,,119,False,
4.0,7,12,0.94,D1,D1,0,5,True,5
4.0,8,12,1.48,D1,D1,1,5,True,4
4.0,8,48,1.51,D1,D1,1,41,True,40
4.0,8,60,1.73,D1,D1,1,53,True,52
4.0,9,47,1.9,D1,D1,2,40,True,38
4.0,9,48,1.13,D1,D1,2,41,True,39
4.0,10,14,1.4,D1,D1,3,7,True,4
4.0,50,55,0.9,D1,D1,43,48,True,5
4.0,52,85,1.7,D1,D1,45,78,True,33
4.0,96,102,1.78,D1,D1,89,95,True,6
4.0,133,184,1.98,D1,D2,126,45,False,81
4.0,136,186,0.73,D1,D2,129,47,False,82
4.0,182,206,1.07,D2,D2,43,67,True,24
4.0,197,201,1.32,D2,D2,58,62,True,4
4.0,398,405,1.56,D4,D4,11,18,True,7
4.4,8,12,1.64,D1,D1,1,5,True,4
4.4,9,48,1.0,D1,D1,2,41,True,39
4.4,9,49,1.49,D1,D1,2,42,True,40
4.4,10,47,1.64,D1,D1,3,40,True,37
4.4,10,48,1.47,D1,D1,3,41,True,38
4.4,10,49,1.77,D1,D1,3,42,True,39
4.4,11,258,1.85,D1,D2,4,119,False,115
4.4,27,43,1.7,D1,D1,20,36,True,16
4.4,54,90,1.59,D1,D1,47,83,True,36
4.4,96,102,1.95,D1,D1,89,95,True,6
4.4,97,224,1.56,D1,D2,90,85,False,5
4.4,110,122,1.64,D1,D1,103,115,True,12
4.4,152,257,1.81,D2,D2,13,118,True,105
4.4,162,239,1.5,D2,D2,23,100,True,77
4.4,182,210,1.96,D2,D2,43,71,True,28
4.4,197,201,0.86,D2,D2,58,62,True,4
4.4,260,458,1.48,D2,D4,121,71,False,50
4.4,276,285,1.99,D3,D3,14,23,True,9
4.4,339,348,1.54,D3,D3,77,86,True,9
4.800000000000001,4,257,1.19,,D2,,118,False,
4.800000000000001,53,90,0.97,D1,D1,46,83,True,37
4.800000000000001,54,59,1.07,D1,D1,47,52,True,5
4.800000000000001,97,185,1.43,D1,D2,90,46,False,44
4.800000000000001,97,224,1.95,D1,D2,90,85,False,5
4.800000000000001,98,131,1.54,D1,D1,91,124,True,33
4.800000000000001,135,409,1.94,D1,D4,128,22,False,106
4.800000000000001,136,186,1.99,D1,D2,129,47,False,82
4.800000000000001,197,201,0.52,D2,D2,58,62,True,4
4.800000000000001,468,483,1.79,D4,D4,81,96,True,15
5.2,6,12,1.79,,D1,,5,False,
5.2,6,138,1.83,,D1,,131,False,
5.2,7,11,1.44,D1,D1,0,4,True,4
5.2,7,12,0.64,D1,D1,0,5,True,5
5.2,8,12,0.49,D1,D1,1,5,True,4
5.2,8,13,1.92,D1,D1,1,6,True,5
5.2,8,14,0.54,D1,D1,1,7,True,6
5.2,8,48,1.92,D1,D1,1,41,True,40
5.2,9,48,0.61,D1,D1,2,41,True,39
5.2,10,48,0.67,D1,D1,3,41,True,38
5.2,11,48,1.86,D1,D1,4,41,True,37
5.2,53,90,1.44,D1,D1,46,83,True,37
5.2,86,90,1.99,D1,D1,79,83,True,4
5.2,96,102,1.82,D1,D1,89,95,True,6
5.2,97,224,1.6,D1,D2,90,85,False,5
5.2,99,213,1.95,D1,D2,92,74,False,18
5.2,136,186,1.58,D1,D2,129,47,False,82
5.2,182,187,1.82,D2,D2,43,48,True,5
5.2,182,206,1.33,D2,D2,43,67,True,24
5.2,197,201,0.37,D2,D2,58,62,True,4
5.2,258,459,1.99,D2,D4,119,72,False,47
5.2,389,492,1.87,D4,D4,2,105,True,103
5.6000000000000005,7,257,1.93,D1,D2,0,118,False,118
5.6000000000000005,50,55,1.7,D1,D1,43,48,True,5
5.6000000000000005,51,55,1.85,D1,D1,44,48,True,4
5.6000000000000005,97,185,1.34,D1,D2,90,46,False,44
5.6000000000000005,110,122,1.24,D1,D1,103,115,True,12
5.6000000000000005,182,206,1.23,D2,D2,43,67,True,24
5.6000000000000005,182,207,1.87,D2,D2,43,68,True,25
5.6000000000000005,197,201,0.9,D2,D2,58,62,True,4
5.6000000000000005,277,284,1.95,D3,D3,15,22,True,7
5.6000000000000005,431,446,1.44,D4,D4,44,59,True,15
6.0,6,258,1.41,,D2,,119,False,
6.0,6,458,1.94,,D4,,71,False,
6.0,50,55,1.85,D1,D1,43,48,True,5
6.0,50,218,1.91,D1,D2,43,79,False,36
6.0,54,90,1.79,D1,D1,47,83,True,36
6.0,68,83,1.93,D1,D1,61,76,True,15
6.0,97,185,1.33,D1,D2,90,46,False,44
6.0,97,224,1.64,D1,D2,90,85,False,5
6.0,133,184,1.76,D1,D2,126,45,False,81
6.0,136,186,1.77,D1,D2,129,47,False,82
6.0,160,194,1.53,D2,D2,21,55,True,34
6.0,167,171,1.68,D2,D2,28,32,True,4
6.0,182,206,1.59,D2,D2,43,67,True,24
6.0,193,385,1.86,D2,D3,54,123,False,69
6.0,197,201,0.52,D2,D2,58,62,True,4
6.0,398,405,1.78,D4,D4,11,18,True,7
