ligand_id,ligand_class,receptor_id,seed,vina,vinardo,deltavinaXGB,heavy_atom_count,pIC50
Cmpd-0000,candidate,1EZM_baseline_crystal,,-6.201,-2.716,,,
Cmpd-0000,candidate,lasb_conformer_beta0.0,,-7.528,-3.769,,,
Cmpd-0000,candidate,lasb_conformer_beta0.8,,-7.991,-3.119,,,
Cmpd-0000,candidate,lasb_conformer_beta1.6,,-7.093,-3.617,,,
Cmpd-0000,candidate,lasb_conformer_beta2.4,,-7.392,-3.628,,,
Cmpd-0000,candidate,lasb_conformer_beta3.2,,-7.401,-3.722,,,
Cmpd-0001,candidate,1EZM_baseline_crystal,,-6.014,-3.186,,,
Cmpd-0001,candidate,lasb_conformer_beta0.0,,-7.383,-3.764,,,
Cmpd-0001,candidate,lasb_conformer_beta0.8,,-7.438,-3.918,,,
Cmpd-0001,candidate,lasb_conformer_beta1.6,,-6.946,-4.165,,,
Cmpd-0001,candidate,lasb_conformer_beta2.4,,-6.854,-3.821,,,
Cmpd-0001,candidate,lasb_conformer_beta3.2,,-6.774,-3.605,,,
Cmpd-0002,candidate,1EZM_baseline_crystal,,-5.632,-3.729,,,
Cmpd-0002,candidate,lasb_conformer_beta0.0,,-6.662,-5.235,,,
Cmpd-0002,candidate,lasb_conformer_beta0.8,,-7.052,-4.346,,,
Cmpd-0002,candidate,lasb_conformer_beta1.6,,-6.462,-3.494,,,
Cmpd-0002,candidate,lasb_conformer_beta2.4,,-6.723,-3.464,,,
Cmpd-0002,candidate,lasb_conformer_beta3.2,,-7.372,-4.856,,,
Cmpd-0003,candidate,1EZM_baseline_crystal,,-5.596,-3.593,,,
Cmpd-0003,candidate,lasb_conformer_beta0.0,,-6.666,-3.39,,,
Cmpd-0003,candidate,lasb_conformer_beta0.8,,-6.337,-3.21,,,
Cmpd-0003,candidate,lasb_conformer_beta1.6,,-6.361,-3.079,,,
Cmpd-0003,candidate,lasb_conformer_beta2.4,,-6.831,-3.378,,,
Cmpd-0003,candidate,lasb_conformer_beta3.2,,-7.298,-4.132,,,
Cmpd-0004,candidate,1EZM_baseline_crystal,,-5.996,-3.904,,,
Cmpd-0004,candidate,lasb_conformer_beta0.0,,-7.093,-5.074,,,
Cmpd-0004,candidate,lasb_conformer_beta0.8,,-6.79,-5.4,,,
Cmpd-0004,candidate,lasb_conformer_beta1.6,,-6.658,-4.803,,,
Cmpd-0004,candidate,lasb_conformer_beta2.4,,-6.427,-4.838,,,
Cmpd-0004,candidate,lasb_conformer_beta3.2,,-5.906,-5.516,,,
Cmpd-0005,candidate,1EZM_baseline_crystal,,-5.725,-3.322,,,
Cmpd-0005,candidate,lasb_conformer_beta0.0,,-7.087,-5.09,,,
Cmpd-0005,candidate,lasb_conformer_beta0.8,,-6.643,-4.775,,,
Cmpd-0005,candidate,lasb_conformer_beta1.6,,-6.323,-4.776,,,
Cmpd-0005,candidate,lasb_conformer_beta2.4,,-6.089,-4.455,,,
Cmpd-0005,candidate,lasb_conformer_beta3.2,,-6.371,-5.114,,,
Cmpd-0006,candidate,1EZM_baseline_crystal,,-6.68,-4.263,,,
Cmpd-0006,candidate,lasb_conformer_beta0.0,,-6.436,-4.92,,,
Cmpd-0006,candidate,lasb_conformer_beta0.8,,-6.965,-5.295,,,
Cmpd-0006,candidate,lasb_conformer_beta1.6,,-6.402,-4.677,,,
Cmpd-0006,candidate,lasb_conformer_beta2.4,,-6.358,-4.194,,,
Cmpd-0006,candidate,lasb_conformer_beta3.2,,-6.024,-4.163,,,
Cmpd-0007,candidate,1EZM_baseline_crystal,,-4.724,-3.104,,,
Cmpd-0007,candidate,lasb_conformer_beta0.0,,-6.702,-3.577,,,
Cmpd-0007,candidate,lasb_conformer_beta0.8,,-6.238,-4.592,,,
Cmpd-0007,candidate,lasb_conformer_beta1.6,,-6.65,-3.464,,,
Cmpd-0007,candidate,lasb_conformer_beta2.4,,-6.913,-4.068,,,
Cmpd-0007,candidate,lasb_conformer_beta3.2,,-5.545,-4.079,,,
Cmpd-0008,candidate,1EZM_baseline_crystal,,-5.155,-4.723,,,
Cmpd-0008,candidate,lasb_conformer_beta0.0,,-6.137,-3.771,,,
Cmpd-0008,candidate,lasb_conformer_beta0.8,,-6.116,-4.312,,,
Cmpd-0008,candidate,lasb_conformer_beta1.6,,-6.316,-3.7,,,
Cmpd-0008,candidate,lasb_conformer_beta2.4,,-6.877,-3.576,,,
Cmpd-0008,candidate,lasb_conformer_beta3.2,,-5.764,-3.625,,,
Cmpd-0009,candidate,1EZM_baseline_crystal,,-4.751,-3.243,,,
Cmpd-0009,candidate,lasb_conformer_beta0.0,,-6.237,-3.534,,,
Cmpd-0009,candidate,lasb_conformer_beta0.8,,-6.266,-2.833,,,
Cmpd-0009,candidate,lasb_conformer_beta1.6,,-5.933,-3.023,,,
Cmpd-0009,candidate,lasb_conformer_beta2.4,,-5.817,-3.453,,,
Cmpd-0009,candidate,lasb_conformer_beta3.2,,-6.658,-4.057,,,
Cmpd-0010,candidate,1EZM_baseline_crystal,,-5.409,-3.834,,,
Cmpd-0010,candidate,lasb_conformer_beta0.0,,-6.616,-4.665,,,
Cmpd-0010,candidate,lasb_conformer_beta0.8,,-5.409,-4.931,,,
Cmpd-0010,candidate,lasb_conformer_beta1.6,,-6.503,-4.695,,,
Cmpd-0010,candidate,lasb_conformer_beta2.4,,-6.368,-4.257,,,
Cmpd-0010,candidate,lasb_conformer_beta3.2,,-5.268,-5.374,,,
Cmpd-0011,candidate,1EZM_baseline_crystal,,-5.151,-3.164,,,
Cmpd-0011,candidate,lasb_conformer_beta0.0,,-6.604,-4.227,,,
Cmpd-0011,candidate,lasb_conformer_beta0.8,,-6.333,-4.362,,,
Cmpd-0011,candidate,lasb_conformer_beta1.6,,-6.56,-3.845,,,
Cmpd-0011,candidate,lasb_conformer_beta2.4,,-6.567,-3.44,,,
Cmpd-0011,candidate,lasb_conformer_beta3.2,,-6.562,-4.613,,,
Cmpd-0012,candidate,1EZM_baseline_crystal,,-5.105,-3.555,,,
Cmpd-0012,candidate,lasb_conformer_beta0.0,,-5.786,-3.734,,,
Cmpd-0012,candidate,lasb_conformer_beta0.8,,-6.475,-4.426,,,
Cmpd-0012,candidate,lasb_conformer_beta1.6,,-5.901,-4.216,,,
Cmpd-0012,candidate,lasb_conformer_beta2.4,,-6.292,-3.515,,,
Cmpd-0012,candidate,lasb_conformer_beta3.2,,-5.919,-4.313,,,
Cmpd-0013,candidate,1EZM_baseline_crystal,,-4.582,-4.061,,,
Cmpd-0013,candidate,lasb_conformer_beta0.0,,-5.152,-5.131,,,
Cmpd-0013,candidate,lasb_conformer_beta0.8,,-6.195,-5.417,,,
Cmpd-0013,candidate,lasb_conformer_beta1.6,,-4.952,-5.0,,,
Cmpd-0013,candidate,lasb_conformer_beta2.4,,-5.748,-4.994,,,
Cmpd-0013,candidate,lasb_conformer_beta3.2,,-5.821,-5.61,,,
Cmpd-0014,candidate,1EZM_baseline_crystal,,-5.294,-4.58,,,
Cmpd-0014,candidate,lasb_conformer_beta0.0,,-5.812,-5.572,,,
Cmpd-0014,candidate,lasb_conformer_beta0.8,,-5.624,-5.52,,,
Cmpd-0014,candidate,lasb_conformer_beta1.6,,-5.88,-4.283,,,
Cmpd-0014,candidate,lasb_conformer_beta2.4,,-6.087,-5.195,,,
Cmpd-0014,candidate,lasb_conformer_beta3.2,,-5.443,-4.726,,,
Cmpd-0015,candidate,1EZM_baseline_crystal,,-4.367,-3.307,,,
Cmpd-0015,candidate,lasb_conformer_beta0.0,,-5.553,-3.831,,,
Cmpd-0015,candidate,lasb_conformer_beta0.8,,-5.197,-3.554,,,
Cmpd-0015,candidate,lasb_conformer_beta1.6,,-5.641,-4.096,,,
Cmpd-0015,candidate,lasb_conformer_beta2.4,,-6.003,-3.917,,,
Cmpd-0015,candidate,lasb_conformer_beta3.2,,-5.385,-3.308,,,
Cmpd-0016,candidate,1EZM_baseline_crystal,,-4.711,-4.246,,,
Cmpd-0016,candidate,lasb_conformer_beta0.0,,-5.901,-4.849,,,
Cmpd-0016,candidate,lasb_conformer_beta0.8,,-5.787,-4.552,,,
Cmpd-0016,candidate,lasb_conformer_beta1.6,,-5.741,-4.489,,,
Cmpd-0016,candidate,lasb_conformer_beta2.4,,-5.82,-3.695,,,
Cmpd-0016,candidate,lasb_conformer_beta3.2,,-5.536,-4.572,,,
Cmpd-0017,candidate,1EZM_baseline_crystal,,-4.12,-3.304,,,
Cmpd-0017,candidate,lasb_conformer_beta0.0,,-5.567,-4.964,,,
Cmpd-0017,candidate,lasb_conformer_beta0.8,,-5.847,-4.411,,,
Cmpd-0017,candidate,lasb_conformer_beta1.6,,-5.319,-5.138,,,
Cmpd-0017,candidate,lasb_conformer_beta2.4,,-5.553,-5.072,,,
Cmpd-0017,candidate,lasb_conformer_beta3.2,,-5.405,-3.852,,,
Cmpd-0018,candidate,1EZM_baseline_crystal,,-4.552,-3.803,,,
Cmpd-0018,candidate,lasb_conformer_beta0.0,,-5.352,-4.715,,,
Cmpd-0018,candidate,lasb_conformer_beta0.8,,-5.236,-3.818,,,
Cmpd-0018,candidate,lasb_conformer_beta1.6,,-5.415,-4.621,,,
Cmpd-0018,candidate,lasb_conformer_beta2.4,,-5.615,-4.497,,,
Cmpd-0018,candidate,lasb_conformer_beta3.2,,-5.754,-3.719,,,
Cmpd-0019,candidate,1EZM_baseline_crystal,,-4.514,-3.042,,,
Cmpd-0019,candidate,lasb_conformer_beta0.0,,-5.454,-3.594,,,
Cmpd-0019,candidate,lasb_conformer_beta0.8,,-5.234,-3.686,,,
Cmpd-0019,candidate,lasb_conformer_beta1.6,,-5.308,-3.903,,,
Cmpd-0019,candidate,lasb_conformer_beta2.4,,-5.443,-3.643,,,
Cmpd-0019,candidate,lasb_conformer_beta3.2,,-5.146,-4.641,,,
Decoy-0000,decoy,0_0,,-8.149,,,,
Decoy-0000,decoy,0_8,,-7.654,,,,
Decoy-0000,decoy,1_6,,-7.847,,,,
Decoy-0000,decoy,2_4,,-7.77,,,,
Decoy-0000,decoy,3_2,,-7.827,,,,
Decoy-0000,decoy,1EZM_baseline_crystal,,-6.567,-4.224,,,
Decoy-0001,decoy,0_0,,-7.445,,,,
Decoy-0001,decoy,0_8,,-7.31,,,,
Decoy-0001,decoy,1_6,,-7.312,,,,
Decoy-0001,decoy,2_4,,-7.146,,,,
Decoy-0001,decoy,3_2,,-7.219,,,,
Decoy-0001,decoy,1EZM_baseline_crystal,,-6.493,-4.614,,,
Decoy-0002,decoy,0_0,,-7.566,,,,
Decoy-0002,decoy,0_8,,-7.352,,,,
Decoy-0002,decoy,1_6,,-7.444,,,,
Decoy-0002,decoy,2_4,,-7.172,,,,
Decoy-0002,decoy,3_2,,-7.321,,,,
Decoy-0002,decoy,1EZM_baseline_crystal,,-5.793,-4.067,,,
Decoy-0003,decoy,0_0,,-6.449,,,,
Decoy-0003,decoy,0_8,,-5.874,,,,
Decoy-0003,decoy,1_6,,-6.203,,,,
Decoy-0003,decoy,2_4,,-6.728,,,,
Decoy-0003,decoy,3_2,,-6.365,,,,
Decoy-0003,decoy,1EZM_baseline_crystal,,-5.584,-3.392,,,
Decoy-0004,decoy,0_0,,-8.733,,,,
Decoy-0004,decoy,0_8,,-8.496,,,,
Decoy-0004,decoy,1_6,,-7.539,,,,
Decoy-0004,decoy,2_4,,-8.006,,,,
Decoy-0004,decoy,3_2,,-8.296,,,,
Decoy-0004,decoy,1EZM_baseline_crystal,,-6.107,-3.956,,,
Decoy-0005,decoy,0_0,,-7.861,,,,
Decoy-0005,decoy,0_8,,-7.415,,,,
Decoy-0005,decoy,1_6,,-7.581,,,,
Decoy-0005,decoy,2_4,,-7.526,,,,
Decoy-0005,decoy,3_2,,-7.357,,,,
Decoy-0005,decoy,1EZM_baseline_crystal,,-6.318,-3.832,,,
Decoy-0006,decoy,0_0,,-7.48,,,,
Decoy-0006,decoy,0_8,,-7.255,,,,
Decoy-0006,decoy,1_6,,-7.04,,,,
Decoy-0006,decoy,2_4,,-7.484,,,,
Decoy-0006,decoy,3_2,,-6.59,,,,
Decoy-0006,decoy,1EZM_baseline_crystal,,-6.255,-3.883,,,
Decoy-0007,decoy,0_0,,-6.934,,,,
Decoy-0007,decoy,0_8,,-6.648,,,,
Decoy-0007,decoy,1_6,,-6.74,,,,
Decoy-0007,decoy,2_4,,-7.088,,,,
Decoy-0007,decoy,3_2,,-6.702,,,,
Decoy-0007,decoy,1EZM_baseline_crystal,,-5.573,-3.778,,,
Decoy-0008,decoy,0_0,,-7.843,,,,
Decoy-0008,decoy,0_8,,-8.323,,,,
Decoy-0008,decoy,1_6,,-7.658,,,,
Decoy-0008,decoy,2_4,,-7.535,,,,
Decoy-0008,decoy,3_2,,-9.935,,,,
Decoy-0008,decoy,1EZM_baseline_crystal,,-6.331,-4.205,,,
Decoy-0009,decoy,0_0,,-6.318,,,,
Decoy-0009,decoy,0_8,,-5.666,,,,
Decoy-0009,decoy,1_6,,-5.876,,,,
Decoy-0009,decoy,2_4,,-5.841,,,,
Decoy-0009,decoy,3_2,,-5.302,,,,
Decoy-0009,decoy,1EZM_baseline_crystal,,-5.518,-4.09,,,
Decoy-0010,decoy,0_0,,-7.183,,,,
Decoy-0010,decoy,0_8,,-6.911,,,,
Decoy-0010,decoy,1_6,,-6.704,,,,
Decoy-0010,decoy,2_4,,-7.08,,,,
Decoy-0010,decoy,3_2,,-6.756,,,,
Decoy-0010,decoy,1EZM_baseline_crystal,,-5.631,-3.919,,,
Decoy-0011,decoy,0_0,,-6.435,,,,
Decoy-0011,decoy,0_8,,-5.85,,,,
Decoy-0011,decoy,1_6,,-5.674,,,,
Decoy-0011,decoy,2_4,,-5.848,,,,
Decoy-0011,decoy,3_2,,-6.096,,,,
Decoy-0011,decoy,1EZM_baseline_crystal,,-4.807,-3.464,,,
Decoy-0012,decoy,0_0,,-8.266,,,,
Decoy-0012,decoy,0_8,,-8.175,,,,
Decoy-0012,decoy,1_6,,-7.706,,,,
Decoy-0012,decoy,2_4,,-7.597,,,,
Decoy-0012,decoy,3_2,,-8.53,,,,
Decoy-0012,decoy,1EZM_baseline_crystal,,-5.874,-3.948,,,
Decoy-0013,decoy,0_0,,-5.491,,,,
Decoy-0013,decoy,0_8,,-5.601,,,,
Decoy-0013,decoy,1_6,,-5.527,,,,
Decoy-0013,decoy,2_4,,-5.599,,,,
Decoy-0013,decoy,3_2,,-5.689,,,,
Decoy-0013,decoy,1EZM_baseline_crystal,,-4.585,-2.972,,,
Decoy-0014,decoy,0_0,,-5.579,,,,
Decoy-0014,decoy,0_8,,-5.325,,,,
Decoy-0014,decoy,1_6,,-5.212,,,,
Decoy-0014,decoy,2_4,,-5.094,,,,
Decoy-0014,decoy,3_2,,-5.569,,,,
Decoy-0014,decoy,1EZM_baseline_crystal,,-4.374,-2.986,,,
Decoy-0015,decoy,0_0,,-6.153,,,,
Decoy-0015,decoy,0_8,,-5.803,,,,
Decoy-0015,decoy,1_6,,-6.134,,,,
Decoy-0015,decoy,2_4,,-6.077,,,,
Decoy-0015,decoy,3_2,,-5.441,,,,
Decoy-0015,decoy,1EZM_baseline_crystal,,-4.87,-2.973,,,
Decoy-0016,decoy,0_0,,-6.283,,,,
Decoy-0016,decoy,0_8,,-6.045,,,,
Decoy-0016,decoy,1_6,,-5.738,,,,
Decoy-0016,decoy,2_4,,-5.974,,,,
Decoy-0016,decoy,3_2,,-5.432,,,,
Decoy-0016,decoy,1EZM_baseline_crystal,,-4.733,-3.158,,,
Decoy-0017,decoy,0_0,,-6.374,,,,
Decoy-0017,decoy,0_8,,-6.15,,,,
Decoy-0017,decoy,1_6,,-6.011,,,,
Decoy-0017,decoy,2_4,,-5.982,,,,
Decoy-0017,decoy,3_2,,-6.971,,,,
Decoy-0017,decoy,1EZM_baseline_crystal,,-5.271,-4.536,,,
Decoy-0018,decoy,0_0,,-5.359,,,,
Decoy-0018,decoy,0_8,,-5.203,,,,
Decoy-0018,decoy,1_6,,-4.935,,,,
Decoy-0018,decoy,2_4,,-4.894,,,,
Decoy-0018,decoy,3_2,,-5.401,,,,
Decoy-0018,decoy,1EZM_baseline_crystal,,-4.15,-2.974,,,
Decoy-0019,decoy,0_0,,-6.019,,,,
Decoy-0019,decoy,0_8,,-6.128,,,,
Decoy-0019,decoy,1_6,,-5.646,,,,
Decoy-0019,decoy,2_4,,-6.043,,,,
Decoy-0019,decoy,3_2,,-6.281,,,,
Decoy-0019,decoy,1EZM_baseline_crystal,,-4.668,-3.226,,,
Engel_11,known_active,1EZM_apo,123,,-4.066,,21.0,6.0
Engel_11,known_active,1EZM_apo,42,,-4.101,,21.0,6.0
Engel_11,known_active,1EZM_apo,456,,-4.104,,21.0,6.0
Engel_11,known_active,1EZM_apo_mean,mean_of_3,-5.7273,-4.090333333333334,,21.0,6.0
Engel_11,known_active,3DBK_holo,123,,-5.252,,21.0,6.0
Engel_11,known_active,3DBK_holo,42,,-5.078,,21.0,6.0
Engel_11,known_active,3DBK_holo,456,,-5.157,,21.0,6.0
Engel_11,known_active,3DBK_holo_mean,mean_of_3,-8.3287,-5.162333333333334,,21.0,6.0
Engel_12,known_active,1EZM_apo,123,,-4.483,,20.0,6.1549
Engel_12,known_active,1EZM_apo,42,,-4.542,,20.0,6.1549
Engel_12,known_active,1EZM_apo,456,,-4.323,,20.0,6.1549
Engel_12,known_active,1EZM_apo_mean,mean_of_3,-5.4767,-4.449333333333333,,20.0,6.1549
Engel_12,known_active,3DBK_holo,123,,-4.779,,20.0,6.1549
Engel_12,known_active,3DBK_holo,42,,-4.804,,20.0,6.1549
Engel_12,known_active,3DBK_holo,456,,-4.797,,20.0,6.1549
Engel_12,known_active,3DBK_holo_mean,mean_of_3,-7.8897,-4.793333333333333,,20.0,6.1549
Engel_13,known_active,1EZM_apo,123,,-4.248,,19.0,6.2218
Engel_13,known_active,1EZM_apo,42,,-4.251,,19.0,6.2218
Engel_13,known_active,1EZM_apo,456,,-4.07,,19.0,6.2218
Engel_13,known_active,1EZM_apo_mean,mean_of_3,-5.319,-4.189666666666667,,19.0,6.2218
Engel_13,known_active,3DBK_holo,123,,-4.648,,19.0,6.2218
Engel_13,known_active,3DBK_holo,42,,-5.088,,19.0,6.2218
Engel_13,known_active,3DBK_holo,456,,-5.058,,19.0,6.2218
Engel_13,known_active,3DBK_holo_mean,mean_of_3,-7.311,-4.931333333333334,,19.0,6.2218
Engel_15,known_active,1EZM_apo,123,,-3.884,,20.0,5.1308
Engel_15,known_active,1EZM_apo,42,,-3.794,,20.0,5.1308
Engel_15,known_active,1EZM_apo,456,,-3.82,,20.0,5.1308
Engel_15,known_active,1EZM_apo_mean,mean_of_3,-5.4603,-3.8326666666666664,,20.0,5.1308
Engel_15,known_active,3DBK_holo,123,,-4.737,,20.0,5.1308
Engel_15,known_active,3DBK_holo,42,,-4.746,,20.0,5.1308
Engel_15,known_active,3DBK_holo,456,,-4.725,,20.0,5.1308
Engel_15,known_active,3DBK_holo_mean,mean_of_3,-7.186,-4.736,,20.0,5.1308
Engel_16,known_active,1EZM_apo,123,,-4.839,,22.0,5.6021
Engel_16,known_active,1EZM_apo,42,,-4.542,,22.0,5.6021
Engel_16,known_active,1EZM_apo,456,,-4.616,,22.0,5.6021
Engel_16,known_active,1EZM_apo_mean,mean_of_3,-6.061,-4.665666666666667,,22.0,5.6021
Engel_16,known_active,3DBK_holo,123,,-5.572,,22.0,5.6021
Engel_16,known_active,3DBK_holo,42,,-5.512,,22.0,5.6021
Engel_16,known_active,3DBK_holo,456,,-5.653,,22.0,5.6021
Engel_16,known_active,3DBK_holo_mean,mean_of_3,-8.2807,-5.579,,22.0,5.6021
Engel_17,known_active,1EZM_apo,123,,-4.12,,19.0,5.9586
Engel_17,known_active,1EZM_apo,42,,-4.1,,19.0,5.9586
Engel_17,known_active,1EZM_apo,456,,-4.018,,19.0,5.9586
Engel_17,known_active,1EZM_apo_mean,mean_of_3,-5.361,-4.0793333333333335,,19.0,5.9586
Engel_17,known_active,3DBK_holo,123,,-5.394,,19.0,5.9586
Engel_17,known_active,3DBK_holo,42,,-5.396,,19.0,5.9586
Engel_17,known_active,3DBK_holo,456,,-5.411,,19.0,5.9586
Engel_17,known_active,3DBK_holo_mean,mean_of_3,-7.664,-5.400333333333333,,19.0,5.9586
Engel_19,known_active,1EZM_apo,123,,-3.531,,21.0,6.6198
Engel_19,known_active,1EZM_apo,42,,-3.408,,21.0,6.6198
Engel_19,known_active,1EZM_apo,456,,-3.39,,21.0,6.6198
Engel_19,known_active,1EZM_apo_mean,mean_of_3,-5.6747,-3.443,,21.0,6.6198
Engel_19,known_active,3DBK_holo,123,,-5.207,,21.0,6.6198
Engel_19,known_active,3DBK_holo,42,,-5.198,,21.0,6.6198
Engel_19,known_active,3DBK_holo,456,,-5.246,,21.0,6.6198
Engel_19,known_active,3DBK_holo_mean,mean_of_3,-7.5137,-5.2170000000000005,,21.0,6.6198
Engel_23,known_active,1EZM_apo,123,,-3.988,,21.0,6.2218
Engel_23,known_active,1EZM_apo,42,,-3.932,,21.0,6.2218
Engel_23,known_active,1EZM_apo,456,,-3.926,,21.0,6.2218
Engel_23,known_active,1EZM_apo_mean,mean_of_3,-5.967,-3.9486666666666665,,21.0,6.2218
Engel_23,known_active,3DBK_holo,123,,-4.902,,21.0,6.2218
Engel_23,known_active,3DBK_holo,42,,-4.915,,21.0,6.2218
Engel_23,known_active,3DBK_holo,456,,-4.841,,21.0,6.2218
Engel_23,known_active,3DBK_holo_mean,mean_of_3,-7.695,-4.886,,21.0,6.2218
Engel_3,known_active,1EZM_apo,123,,-4.18,,19.0,6.3188
Engel_3,known_active,1EZM_apo,42,,-4.218,,19.0,6.3188
Engel_3,known_active,1EZM_apo,456,,-4.204,,19.0,6.3188
Engel_3,known_active,1EZM_apo_mean,mean_of_3,-5.4433,-4.200666666666667,,19.0,6.3188
Engel_3,known_active,3DBK_holo,123,,-5.557,,19.0,6.3188
Engel_3,known_active,3DBK_holo,42,,-5.554,,19.0,6.3188
Engel_3,known_active,3DBK_holo,456,,-5.578,,19.0,6.3188
Engel_3,known_active,3DBK_holo_mean,mean_of_3,-7.7803,-5.563,,19.0,6.3188
Engel_5,known_active,1EZM_apo,123,,-3.871,,18.0,5.9208
Engel_5,known_active,1EZM_apo,42,,-3.753,,18.0,5.9208
Engel_5,known_active,1EZM_apo,456,,-3.824,,18.0,5.9208
Engel_5,known_active,1EZM_apo_mean,mean_of_3,-5.1657,-3.8160000000000003,,18.0,5.9208
Engel_5,known_active,3DBK_holo,123,,-5.239,,18.0,5.9208
Engel_5,known_active,3DBK_holo,42,,-5.236,,18.0,5.9208
Engel_5,known_active,3DBK_holo,456,,-5.234,,18.0,5.9208
Engel_5,known_active,3DBK_holo_mean,mean_of_3,-7.4323,-5.2363333333333335,,18.0,5.9208
Phosphoramidon,known_active,1EZM_apo,123,,-4.623,,37.0,6.6021
Phosphoramidon,known_active,1EZM_apo,42,,-4.647,,37.0,6.6021
Phosphoramidon,known_active,1EZM_apo,456,,-4.693,,37.0,6.6021
Phosphoramidon,known_active,1EZM_apo_mean,mean_of_3,-6.817,-4.654333333333333,,37.0,6.6021
Phosphoramidon,known_active,3DBK_holo,123,,-7.002,,37.0,6.6021
Phosphoramidon,known_active,3DBK_holo,42,,-6.93,,37.0,6.6021
Phosphoramidon,known_active,3DBK_holo,456,,-6.86,,37.0,6.6021
Phosphoramidon,known_active,3DBK_holo_mean,mean_of_3,-9.8503,-6.930666666666666,,37.0,6.6021
