label,job,receptor,strain_kcal_mol
phase4_ensemble,ens_s0000_1EZM_baseline_crystal,1EZM_baseline_crystal,143.16667859625952
phase4_ensemble,ens_s0000_lasb_conformer_beta0.0,lasb_conformer_beta0.0,127.3898025289148
phase4_ensemble,ens_s0000_lasb_conformer_beta0.8,lasb_conformer_beta0.8,127.85916270486607
phase4_ensemble,ens_s0000_lasb_conformer_beta1.6,lasb_conformer_beta1.6,131.23758853827098
phase4_ensemble,ens_s0000_lasb_conformer_beta2.4,lasb_conformer_beta2.4,136.24000717055958
phase4_ensemble,ens_s0000_lasb_conformer_beta3.2,lasb_conformer_beta3.2,129.60940639077117
phase4_ensemble,ens_s0001_1EZM_baseline_crystal,1EZM_baseline_crystal,109.17920866505405
phase4_ensemble,ens_s0001_lasb_conformer_beta0.0,lasb_conformer_beta0.0,114.24133232188053
phase4_ensemble,ens_s0001_lasb_conformer_beta0.8,lasb_conformer_beta0.8,104.39610238592492
phase4_ensemble,ens_s0001_lasb_conformer_beta1.6,lasb_conformer_beta1.6,103.91928096104037
phase4_ensemble,ens_s0001_lasb_conformer_beta2.4,lasb_conformer_beta2.4,104.18314129592504
phase4_ensemble,ens_s0001_lasb_conformer_beta3.2,lasb_conformer_beta3.2,107.26147954902586
phase4_ensemble,ens_s0002_1EZM_baseline_crystal,1EZM_baseline_crystal,108.11356096858623
phase4_ensemble,ens_s0002_lasb_conformer_beta0.0,lasb_conformer_beta0.0,102.99087481646097
phase4_ensemble,ens_s0002_lasb_conformer_beta0.8,lasb_conformer_beta0.8,115.50507641709532
phase4_ensemble,ens_s0002_lasb_conformer_beta1.6,lasb_conformer_beta1.6,101.70204379072305
phase4_ensemble,ens_s0002_lasb_conformer_beta2.4,lasb_conformer_beta2.4,102.16992463540652
phase4_ensemble,ens_s0002_lasb_conformer_beta3.2,lasb_conformer_beta3.2,115.52567069616629
phase4_ensemble,ens_s0003_1EZM_baseline_crystal,1EZM_baseline_crystal,192.1595928768707
phase4_ensemble,ens_s0003_lasb_conformer_beta0.0,lasb_conformer_beta0.0,186.1310640858302
phase4_ensemble,ens_s0003_lasb_conformer_beta0.8,lasb_conformer_beta0.8,189.60691051553036
phase4_ensemble,ens_s0003_lasb_conformer_beta1.6,lasb_conformer_beta1.6,184.56162664580154
phase4_ensemble,ens_s0003_lasb_conformer_beta2.4,lasb_conformer_beta2.4,194.88480229861494
phase4_ensemble,ens_s0003_lasb_conformer_beta3.2,lasb_conformer_beta3.2,190.83287479174763
phase4_ensemble,ens_s0004_1EZM_baseline_crystal,1EZM_baseline_crystal,132.51775199600817
phase4_ensemble,ens_s0004_lasb_conformer_beta0.0,lasb_conformer_beta0.0,145.37196306986544
phase4_ensemble,ens_s0004_lasb_conformer_beta0.8,lasb_conformer_beta0.8,136.321878131018
phase4_ensemble,ens_s0004_lasb_conformer_beta1.6,lasb_conformer_beta1.6,137.00965225526406
phase4_ensemble,ens_s0004_lasb_conformer_beta2.4,lasb_conformer_beta2.4,131.9594343129006
phase4_ensemble,ens_s0004_lasb_conformer_beta3.2,lasb_conformer_beta3.2,126.1971161375078
phase4_ensemble,ens_s0005_1EZM_baseline_crystal,1EZM_baseline_crystal,272.66508450969104
phase4_ensemble,ens_s0005_lasb_conformer_beta0.0,lasb_conformer_beta0.0,269.2417105100257
phase4_ensemble,ens_s0005_lasb_conformer_beta0.8,lasb_conformer_beta0.8,271.3429290479721
phase4_ensemble,ens_s0005_lasb_conformer_beta1.6,lasb_conformer_beta1.6,277.0019880501914
phase4_ensemble,ens_s0005_lasb_conformer_beta2.4,lasb_conformer_beta2.4,273.3239106478142
phase4_ensemble,ens_s0005_lasb_conformer_beta3.2,lasb_conformer_beta3.2,266.64446412275936
phase4_ensemble,ens_s0006_1EZM_baseline_crystal,1EZM_baseline_crystal,245.83877407083898
phase4_ensemble,ens_s0006_lasb_conformer_beta0.0,lasb_conformer_beta0.0,248.34998440282624
phase4_ensemble,ens_s0006_lasb_conformer_beta0.8,lasb_conformer_beta0.8,244.02766294936913
phase4_ensemble,ens_s0006_lasb_conformer_beta1.6,lasb_conformer_beta1.6,246.13764101528741
phase4_ensemble,ens_s0006_lasb_conformer_beta2.4,lasb_conformer_beta2.4,250.8733401982002
phase4_ensemble,ens_s0006_lasb_conformer_beta3.2,lasb_conformer_beta3.2,240.15261634967217
phase4_ensemble,ens_s0007_1EZM_baseline_crystal,1EZM_baseline_crystal,223.69976185687193
phase4_ensemble,ens_s0007_lasb_conformer_beta0.0,lasb_conformer_beta0.0,223.59977389524283
phase4_ensemble,ens_s0007_lasb_conformer_beta0.8,lasb_conformer_beta0.8,227.70597136452855
phase4_ensemble,ens_s0007_lasb_conformer_beta1.6,lasb_conformer_beta1.6,224.989648011596
phase4_ensemble,ens_s0007_lasb_conformer_beta2.4,lasb_conformer_beta2.4,218.8566819932105
phase4_ensemble,ens_s0007_lasb_conformer_beta3.2,lasb_conformer_beta3.2,222.95512361497475
phase4_ensemble,ens_s0008_1EZM_baseline_crystal,1EZM_baseline_crystal,198.6190901045096
phase4_ensemble,ens_s0008_lasb_conformer_beta0.0,lasb_conformer_beta0.0,219.53657393947617
phase4_ensemble,ens_s0008_lasb_conformer_beta0.8,lasb_conformer_beta0.8,201.6254764224048
phase4_ensemble,ens_s0008_lasb_conformer_beta1.6,lasb_conformer_beta1.6,180.0706580082313
phase4_ensemble,ens_s0008_lasb_conformer_beta2.4,lasb_conformer_beta2.4,184.8527481707307
phase4_ensemble,ens_s0008_lasb_conformer_beta3.2,lasb_conformer_beta3.2,197.3775785870607
phase4_ensemble,ens_s0009_1EZM_baseline_crystal,1EZM_baseline_crystal,150.82679021188713
phase4_ensemble,ens_s0009_lasb_conformer_beta0.0,lasb_conformer_beta0.0,155.54936756131758
phase4_ensemble,ens_s0009_lasb_conformer_beta0.8,lasb_conformer_beta0.8,159.06032704472946
phase4_ensemble,ens_s0009_lasb_conformer_beta1.6,lasb_conformer_beta1.6,155.82812154396535
phase4_ensemble,ens_s0009_lasb_conformer_beta2.4,lasb_conformer_beta2.4,159.32496809418643
phase4_ensemble,ens_s0009_lasb_conformer_beta3.2,lasb_conformer_beta3.2,156.8053515743395
phase4_ensemble,ens_s0010_1EZM_baseline_crystal,1EZM_baseline_crystal,176.40834897714254
phase4_ensemble,ens_s0010_lasb_conformer_beta0.0,lasb_conformer_beta0.0,203.52447166468787
phase4_ensemble,ens_s0010_lasb_conformer_beta0.8,lasb_conformer_beta0.8,182.45704296807307
phase4_ensemble,ens_s0010_lasb_conformer_beta1.6,lasb_conformer_beta1.6,184.78695302756648
phase4_ensemble,ens_s0010_lasb_conformer_beta2.4,lasb_conformer_beta2.4,180.28128040423337
phase4_ensemble,ens_s0010_lasb_conformer_beta3.2,lasb_conformer_beta3.2,168.90247445366313
phase4_ensemble,ens_s0011_1EZM_baseline_crystal,1EZM_baseline_crystal,200.56146913700024
phase4_ensemble,ens_s0011_lasb_conformer_beta0.0,lasb_conformer_beta0.0,203.5121499508821
phase4_ensemble,ens_s0011_lasb_conformer_beta0.8,lasb_conformer_beta0.8,202.71548332765883
phase4_ensemble,ens_s0011_lasb_conformer_beta1.6,lasb_conformer_beta1.6,202.82225859537436
phase4_ensemble,ens_s0011_lasb_conformer_beta2.4,lasb_conformer_beta2.4,197.78154409293933
phase4_ensemble,ens_s0011_lasb_conformer_beta3.2,lasb_conformer_beta3.2,210.10641076069848
phase4_ensemble,ens_s0012_1EZM_baseline_crystal,1EZM_baseline_crystal,362.4390884525972
phase4_ensemble,ens_s0012_lasb_conformer_beta0.0,lasb_conformer_beta0.0,361.5660509279501
phase4_ensemble,ens_s0012_lasb_conformer_beta0.8,lasb_conformer_beta0.8,379.38251604636287
phase4_ensemble,ens_s0012_lasb_conformer_beta1.6,lasb_conformer_beta1.6,359.24679496390297
phase4_ensemble,ens_s0012_lasb_conformer_beta2.4,lasb_conformer_beta2.4,377.63041272996304
phase4_ensemble,ens_s0012_lasb_conformer_beta3.2,lasb_conformer_beta3.2,371.6799416612946
phase4_ensemble,ens_s0013_1EZM_baseline_crystal,1EZM_baseline_crystal,382.33126128087764
phase4_ensemble,ens_s0013_lasb_conformer_beta0.0,lasb_conformer_beta0.0,362.3572552374608
phase4_ensemble,ens_s0013_lasb_conformer_beta0.8,lasb_conformer_beta0.8,387.68171605205373
phase4_ensemble,ens_s0013_lasb_conformer_beta1.6,lasb_conformer_beta1.6,386.10839538637396
phase4_ensemble,ens_s0013_lasb_conformer_beta2.4,lasb_conformer_beta2.4,394.48125559353707
phase4_ensemble,ens_s0013_lasb_conformer_beta3.2,lasb_conformer_beta3.2,390.14873496143025
phase4_ensemble,ens_s0014_1EZM_baseline_crystal,1EZM_baseline_crystal,124.53303799941835
phase4_ensemble,ens_s0014_lasb_conformer_beta0.0,lasb_conformer_beta0.0,133.87252136108074
phase4_ensemble,ens_s0014_lasb_conformer_beta0.8,lasb_conformer_beta0.8,115.01786646100344
phase4_ensemble,ens_s0014_lasb_conformer_beta1.6,lasb_conformer_beta1.6,139.5563604795209
phase4_ensemble,ens_s0014_lasb_conformer_beta2.4,lasb_conformer_beta2.4,135.80986654988104
phase4_ensemble,ens_s0014_lasb_conformer_beta3.2,lasb_conformer_beta3.2,128.20328627576552
phase4_ensemble,ens_s0015_1EZM_baseline_crystal,1EZM_baseline_crystal,195.2821738149774
phase4_ensemble,ens_s0015_lasb_conformer_beta0.0,lasb_conformer_beta0.0,191.4866039688455
phase4_ensemble,ens_s0015_lasb_conformer_beta0.8,lasb_conformer_beta0.8,188.3573255571962
phase4_ensemble,ens_s0015_lasb_conformer_beta1.6,lasb_conformer_beta1.6,191.18011173651178
phase4_ensemble,ens_s0015_lasb_conformer_beta2.4,lasb_conformer_beta2.4,192.40351895843867
phase4_ensemble,ens_s0015_lasb_conformer_beta3.2,lasb_conformer_beta3.2,193.34450157929962
phase4_ensemble,ens_s0016_1EZM_baseline_crystal,1EZM_baseline_crystal,211.2159505799639
phase4_ensemble,ens_s0016_lasb_conformer_beta0.0,lasb_conformer_beta0.0,214.09236615194277
phase4_ensemble,ens_s0016_lasb_conformer_beta0.8,lasb_conformer_beta0.8,210.2147687532252
phase4_ensemble,ens_s0016_lasb_conformer_beta1.6,lasb_conformer_beta1.6,211.171147257181
phase4_ensemble,ens_s0016_lasb_conformer_beta2.4,lasb_conformer_beta2.4,216.93108092035467
phase4_ensemble,ens_s0016_lasb_conformer_beta3.2,lasb_conformer_beta3.2,227.13068696216155
phase4_ensemble,ens_s0017_1EZM_baseline_crystal,1EZM_baseline_crystal,167.42993805905058
phase4_ensemble,ens_s0017_lasb_conformer_beta0.0,lasb_conformer_beta0.0,148.9129076682348
phase4_ensemble,ens_s0017_lasb_conformer_beta0.8,lasb_conformer_beta0.8,169.99080119113262
phase4_ensemble,ens_s0017_lasb_conformer_beta1.6,lasb_conformer_beta1.6,152.66505268140543
phase4_ensemble,ens_s0017_lasb_conformer_beta2.4,lasb_conformer_beta2.4,158.47628454018633
phase4_ensemble,ens_s0017_lasb_conformer_beta3.2,lasb_conformer_beta3.2,158.0153874436926
phase4_ensemble,ens_s0018_1EZM_baseline_crystal,1EZM_baseline_crystal,289.0472861250196
phase4_ensemble,ens_s0018_lasb_conformer_beta0.0,lasb_conformer_beta0.0,292.3083976022597
phase4_ensemble,ens_s0018_lasb_conformer_beta0.8,lasb_conformer_beta0.8,292.1336928154399
phase4_ensemble,ens_s0018_lasb_conformer_beta1.6,lasb_conformer_beta1.6,295.458345970601
phase4_ensemble,ens_s0018_lasb_conformer_beta2.4,lasb_conformer_beta2.4,292.86724078161404
phase4_ensemble,ens_s0018_lasb_conformer_beta3.2,lasb_conformer_beta3.2,288.44921944635576
phase4_ensemble,ens_s0019_1EZM_baseline_crystal,1EZM_baseline_crystal,202.64628556205338
phase4_ensemble,ens_s0019_lasb_conformer_beta0.0,lasb_conformer_beta0.0,209.8631913690923
phase4_ensemble,ens_s0019_lasb_conformer_beta0.8,lasb_conformer_beta0.8,202.096683687508
phase4_ensemble,ens_s0019_lasb_conformer_beta1.6,lasb_conformer_beta1.6,199.56812031070623
phase4_ensemble,ens_s0019_lasb_conformer_beta2.4,lasb_conformer_beta2.4,205.25900338125422
phase4_ensemble,ens_s0019_lasb_conformer_beta3.2,lasb_conformer_beta3.2,194.98705524462895
control_b,ctrlb_d0000_betabeta0.0,betabeta0.0,159.26221184785913
control_b,ctrlb_d0000_betabeta0.8,betabeta0.8,174.88338523401785
control_b,ctrlb_d0000_betabeta1.6,betabeta1.6,158.21210612995554
control_b,ctrlb_d0000_betabeta2.4,betabeta2.4,154.4768226150553
control_b,ctrlb_d0000_betabeta3.2,betabeta3.2,172.86229075052432
control_b,ctrlb_d0000_crystal,crystal,155.61270725245595
control_b,ctrlb_d0001_betabeta0.0,betabeta0.0,181.14728244337408
control_b,ctrlb_d0001_betabeta0.8,betabeta0.8,177.94172499858365
control_b,ctrlb_d0001_betabeta1.6,betabeta1.6,175.797083722538
control_b,ctrlb_d0001_betabeta2.4,betabeta2.4,170.58588881847612
control_b,ctrlb_d0001_betabeta3.2,betabeta3.2,159.5313706464718
control_b,ctrlb_d0001_crystal,crystal,145.39121181775937
control_b,ctrlb_d0002_betabeta0.0,betabeta0.0,97.61905841167538
control_b,ctrlb_d0002_betabeta0.8,betabeta0.8,115.8808915326978
control_b,ctrlb_d0002_betabeta1.6,betabeta1.6,95.53334409568545
control_b,ctrlb_d0002_betabeta2.4,betabeta2.4,94.58666570566164
control_b,ctrlb_d0002_betabeta3.2,betabeta3.2,108.25679232084488
control_b,ctrlb_d0002_crystal,crystal,119.36884848247792
control_b,ctrlb_d0003_betabeta0.0,betabeta0.0,80.40039033257187
control_b,ctrlb_d0003_betabeta0.8,betabeta0.8,80.16700728866957
control_b,ctrlb_d0003_betabeta1.6,betabeta1.6,81.22586890837403
control_b,ctrlb_d0003_betabeta2.4,betabeta2.4,90.9610876307957
control_b,ctrlb_d0003_betabeta3.2,betabeta3.2,91.8563379211597
control_b,ctrlb_d0003_crystal,crystal,101.71556103249566
control_b,ctrlb_d0004_betabeta0.0,betabeta0.0,140.2685819603086
control_b,ctrlb_d0004_betabeta0.8,betabeta0.8,142.51785064171793
control_b,ctrlb_d0004_betabeta1.6,betabeta1.6,145.40077194163212
control_b,ctrlb_d0004_betabeta2.4,betabeta2.4,164.0109175606962
control_b,ctrlb_d0004_betabeta3.2,betabeta3.2,158.01269421363705
control_b,ctrlb_d0004_crystal,crystal,181.23758149100675
control_b,ctrlb_d0005_betabeta0.0,betabeta0.0,125.43223026225095
control_b,ctrlb_d0005_betabeta0.8,betabeta0.8,143.17760059821646
control_b,ctrlb_d0005_betabeta1.6,betabeta1.6,141.16703526526993
control_b,ctrlb_d0005_betabeta2.4,betabeta2.4,133.66942416516906
control_b,ctrlb_d0005_betabeta3.2,betabeta3.2,133.672163585832
control_b,ctrlb_d0005_crystal,crystal,130.29004610101325
control_b,ctrlb_d0006_betabeta0.0,betabeta0.0,225.43349062565093
control_b,ctrlb_d0006_betabeta0.8,betabeta0.8,211.03290169592424
control_b,ctrlb_d0006_betabeta1.6,betabeta1.6,215.47884911186532
control_b,ctrlb_d0006_betabeta2.4,betabeta2.4,218.39132036928245
control_b,ctrlb_d0006_betabeta3.2,betabeta3.2,219.61236533636225
control_b,ctrlb_d0006_crystal,crystal,220.9493427487486
control_b,ctrlb_d0007_betabeta0.0,betabeta0.0,107.68993405583444
control_b,ctrlb_d0007_betabeta0.8,betabeta0.8,109.25239466735664
control_b,ctrlb_d0007_betabeta1.6,betabeta1.6,124.24197275188962
control_b,ctrlb_d0007_betabeta2.4,betabeta2.4,105.22959062708578
control_b,ctrlb_d0007_betabeta3.2,betabeta3.2,109.57945237254565
control_b,ctrlb_d0007_crystal,crystal,110.43944657844021
control_b,ctrlb_d0008_betabeta0.0,betabeta0.0,110.1792960607209
control_b,ctrlb_d0008_betabeta0.8,betabeta0.8,112.11480184545235
control_b,ctrlb_d0008_betabeta1.6,betabeta1.6,113.85395600959538
control_b,ctrlb_d0008_betabeta2.4,betabeta2.4,111.38283454268463
control_b,ctrlb_d0008_betabeta3.2,betabeta3.2,108.9913841763011
control_b,ctrlb_d0008_crystal,crystal,109.7845099805995
control_b,ctrlb_d0009_betabeta0.0,betabeta0.0,115.6953360483734
control_b,ctrlb_d0009_betabeta0.8,betabeta0.8,99.35594779894637
control_b,ctrlb_d0009_betabeta1.6,betabeta1.6,100.1481539256705
control_b,ctrlb_d0009_betabeta2.4,betabeta2.4,101.81454469934738
control_b,ctrlb_d0009_betabeta3.2,betabeta3.2,115.81978930310419
control_b,ctrlb_d0009_crystal,crystal,99.65117682390624
control_b,ctrlb_d0010_betabeta0.0,betabeta0.0,276.2790654537867
control_b,ctrlb_d0010_betabeta0.8,betabeta0.8,263.8396734364696
control_b,ctrlb_d0010_betabeta1.6,betabeta1.6,267.69565043665875
control_b,ctrlb_d0010_betabeta2.4,betabeta2.4,264.06599586355617
control_b,ctrlb_d0010_betabeta3.2,betabeta3.2,248.9975099948889
control_b,ctrlb_d0010_crystal,crystal,264.41896577604507
control_b,ctrlb_d0011_betabeta0.0,betabeta0.0,250.95249378588443
control_b,ctrlb_d0011_betabeta0.8,betabeta0.8,267.23397050390156
control_b,ctrlb_d0011_betabeta1.6,betabeta1.6,266.54383503814915
control_b,ctrlb_d0011_betabeta2.4,betabeta2.4,269.25581282994165
control_b,ctrlb_d0011_betabeta3.2,betabeta3.2,261.30136784168735
control_b,ctrlb_d0011_crystal,crystal,255.52653144382717
control_b,ctrlb_d0012_betabeta0.0,betabeta0.0,143.55416912961707
control_b,ctrlb_d0012_betabeta0.8,betabeta0.8,144.66918819180637
control_b,ctrlb_d0012_betabeta1.6,betabeta1.6,145.0840070678687
control_b,ctrlb_d0012_betabeta2.4,betabeta2.4,142.28161856281153
control_b,ctrlb_d0012_betabeta3.2,betabeta3.2,147.7030264369641
control_b,ctrlb_d0012_crystal,crystal,141.0302171877084
control_b,ctrlb_d0013_betabeta0.0,betabeta0.0,144.45287727570525
control_b,ctrlb_d0013_betabeta0.8,betabeta0.8,140.7372864585024
control_b,ctrlb_d0013_betabeta1.6,betabeta1.6,147.01290688335962
control_b,ctrlb_d0013_betabeta2.4,betabeta2.4,154.95150539731458
control_b,ctrlb_d0013_betabeta3.2,betabeta3.2,150.93843739604398
control_b,ctrlb_d0013_crystal,crystal,137.11959355209063
control_b,ctrlb_d0014_betabeta0.0,betabeta0.0,143.71304894034242
control_b,ctrlb_d0014_betabeta0.8,betabeta0.8,152.48586891705548
control_b,ctrlb_d0014_betabeta1.6,betabeta1.6,162.30199091912164
control_b,ctrlb_d0014_betabeta2.4,betabeta2.4,159.62190234386998
control_b,ctrlb_d0014_betabeta3.2,betabeta3.2,159.28701623717768
control_b,ctrlb_d0014_crystal,crystal,157.84631548904758
control_b,ctrlb_d0015_betabeta0.0,betabeta0.0,48.392603644218056
control_b,ctrlb_d0015_betabeta0.8,betabeta0.8,46.497030752335654
control_b,ctrlb_d0015_betabeta1.6,betabeta1.6,44.15190117279567
control_b,ctrlb_d0015_betabeta2.4,betabeta2.4,47.24403784555296
control_b,ctrlb_d0015_betabeta3.2,betabeta3.2,46.42188239812889
control_b,ctrlb_d0015_crystal,crystal,45.47088849743166
control_b,ctrlb_d0016_betabeta0.0,betabeta0.0,103.128946522698
control_b,ctrlb_d0016_betabeta0.8,betabeta0.8,96.09123924360966
control_b,ctrlb_d0016_betabeta1.6,betabeta1.6,98.9525964055413
control_b,ctrlb_d0016_betabeta2.4,betabeta2.4,108.09992068727738
control_b,ctrlb_d0016_betabeta3.2,betabeta3.2,101.44321015623115
control_b,ctrlb_d0016_crystal,crystal,123.20689923537788
control_b,ctrlb_d0017_betabeta0.0,betabeta0.0,82.24950364492035
control_b,ctrlb_d0017_betabeta0.8,betabeta0.8,81.6012203255365
control_b,ctrlb_d0017_betabeta1.6,betabeta1.6,81.00070332060861
control_b,ctrlb_d0017_betabeta2.4,betabeta2.4,84.28800198570843
control_b,ctrlb_d0017_betabeta3.2,betabeta3.2,82.77720849031256
control_b,ctrlb_d0017_crystal,crystal,84.80936529251046
control_b,ctrlb_d0018_betabeta0.0,betabeta0.0,250.47869613034263
control_b,ctrlb_d0018_betabeta0.8,betabeta0.8,246.28230988985936
control_b,ctrlb_d0018_betabeta1.6,betabeta1.6,234.78412100809663
control_b,ctrlb_d0018_betabeta2.4,betabeta2.4,253.4459554060795
control_b,ctrlb_d0018_betabeta3.2,betabeta3.2,251.5178700482756
control_b,ctrlb_d0018_crystal,crystal,237.7120007215138
control_b,ctrlb_d0019_betabeta0.0,betabeta0.0,123.008270123734
control_b,ctrlb_d0019_betabeta0.8,betabeta0.8,125.9307767448112
control_b,ctrlb_d0019_betabeta1.6,betabeta1.6,125.10294698596547
control_b,ctrlb_d0019_betabeta2.4,betabeta2.4,121.35395764987004
control_b,ctrlb_d0019_betabeta3.2,betabeta3.2,120.30912353840719
control_b,ctrlb_d0019_crystal,crystal,121.81131335323985
