label,job,vinardo,error
phase4_ensemble,ens_s0000_1EZM_baseline_crystal,-2.716,
phase4_ensemble,ens_s0000_lasb_conformer_beta0.0,-3.769,
phase4_ensemble,ens_s0000_lasb_conformer_beta0.8,-3.119,
phase4_ensemble,ens_s0000_lasb_conformer_beta1.6,-3.617,
phase4_ensemble,ens_s0000_lasb_conformer_beta2.4,-3.628,
phase4_ensemble,ens_s0000_lasb_conformer_beta3.2,-3.722,
phase4_ensemble,ens_s0001_1EZM_baseline_crystal,-3.186,
phase4_ensemble,ens_s0001_lasb_conformer_beta0.0,-3.764,
phase4_ensemble,ens_s0001_lasb_conformer_beta0.8,-3.918,
phase4_ensemble,ens_s0001_lasb_conformer_beta1.6,-4.165,
phase4_ensemble,ens_s0001_lasb_conformer_beta2.4,-3.821,
phase4_ensemble,ens_s0001_lasb_conformer_beta3.2,-3.605,
phase4_ensemble,ens_s0002_1EZM_baseline_crystal,-3.729,
phase4_ensemble,ens_s0002_lasb_conformer_beta0.0,-5.235,
phase4_ensemble,ens_s0002_lasb_conformer_beta0.8,-4.346,
phase4_ensemble,ens_s0002_lasb_conformer_beta1.6,-3.494,
phase4_ensemble,ens_s0002_lasb_conformer_beta2.4,-3.464,
phase4_ensemble,ens_s0002_lasb_conformer_beta3.2,-4.856,
phase4_ensemble,ens_s0003_1EZM_baseline_crystal,-3.593,
phase4_ensemble,ens_s0003_lasb_conformer_beta0.0,-3.39,
phase4_ensemble,ens_s0003_lasb_conformer_beta0.8,-3.21,
phase4_ensemble,ens_s0003_lasb_conformer_beta1.6,-3.079,
phase4_ensemble,ens_s0003_lasb_conformer_beta2.4,-3.378,
phase4_ensemble,ens_s0003_lasb_conformer_beta3.2,-4.132,
phase4_ensemble,ens_s0004_1EZM_baseline_crystal,-3.904,
phase4_ensemble,ens_s0004_lasb_conformer_beta0.0,-5.074,
phase4_ensemble,ens_s0004_lasb_conformer_beta0.8,-5.4,
phase4_ensemble,ens_s0004_lasb_conformer_beta1.6,-4.803,
phase4_ensemble,ens_s0004_lasb_conformer_beta2.4,-4.838,
phase4_ensemble,ens_s0004_lasb_conformer_beta3.2,-5.516,
phase4_ensemble,ens_s0005_1EZM_baseline_crystal,-3.322,
phase4_ensemble,ens_s0005_lasb_conformer_beta0.0,-5.09,
phase4_ensemble,ens_s0005_lasb_conformer_beta0.8,-4.775,
phase4_ensemble,ens_s0005_lasb_conformer_beta1.6,-4.776,
phase4_ensemble,ens_s0005_lasb_conformer_beta2.4,-4.455,
phase4_ensemble,ens_s0005_lasb_conformer_beta3.2,-5.114,
phase4_ensemble,ens_s0006_1EZM_baseline_crystal,-4.263,
phase4_ensemble,ens_s0006_lasb_conformer_beta0.0,-4.92,
phase4_ensemble,ens_s0006_lasb_conformer_beta0.8,-5.295,
phase4_ensemble,ens_s0006_lasb_conformer_beta1.6,-4.677,
phase4_ensemble,ens_s0006_lasb_conformer_beta2.4,-4.194,
phase4_ensemble,ens_s0006_lasb_conformer_beta3.2,-4.163,
phase4_ensemble,ens_s0007_1EZM_baseline_crystal,-3.104,
phase4_ensemble,ens_s0007_lasb_conformer_beta0.0,-3.577,
phase4_ensemble,ens_s0007_lasb_conformer_beta0.8,-4.592,
phase4_ensemble,ens_s0007_lasb_conformer_beta1.6,-3.464,
phase4_ensemble,ens_s0007_lasb_conformer_beta2.4,-4.068,
phase4_ensemble,ens_s0007_lasb_conformer_beta3.2,-4.079,
phase4_ensemble,ens_s0008_1EZM_baseline_crystal,-4.723,
phase4_ensemble,ens_s0008_lasb_conformer_beta0.0,-3.771,
phase4_ensemble,ens_s0008_lasb_conformer_beta0.8,-4.312,
phase4_ensemble,ens_s0008_lasb_conformer_beta1.6,-3.7,
phase4_ensemble,ens_s0008_lasb_conformer_beta2.4,-3.576,
phase4_ensemble,ens_s0008_lasb_conformer_beta3.2,-3.625,
phase4_ensemble,ens_s0009_1EZM_baseline_crystal,-3.243,
phase4_ensemble,ens_s0009_lasb_conformer_beta0.0,-3.534,
phase4_ensemble,ens_s0009_lasb_conformer_beta0.8,-2.833,
phase4_ensemble,ens_s0009_lasb_conformer_beta1.6,-3.023,
phase4_ensemble,ens_s0009_lasb_conformer_beta2.4,-3.453,
phase4_ensemble,ens_s0009_lasb_conformer_beta3.2,-4.057,
phase4_ensemble,ens_s0010_1EZM_baseline_crystal,-3.834,
phase4_ensemble,ens_s0010_lasb_conformer_beta0.0,-4.665,
phase4_ensemble,ens_s0010_lasb_conformer_beta0.8,-4.931,
phase4_ensemble,ens_s0010_lasb_conformer_beta1.6,-4.695,
phase4_ensemble,ens_s0010_lasb_conformer_beta2.4,-4.257,
phase4_ensemble,ens_s0010_lasb_conformer_beta3.2,-5.374,
phase4_ensemble,ens_s0011_1EZM_baseline_crystal,-3.164,
phase4_ensemble,ens_s0011_lasb_conformer_beta0.0,-4.227,
phase4_ensemble,ens_s0011_lasb_conformer_beta0.8,-4.362,
phase4_ensemble,ens_s0011_lasb_conformer_beta1.6,-3.845,
phase4_ensemble,ens_s0011_lasb_conformer_beta2.4,-3.44,
phase4_ensemble,ens_s0011_lasb_conformer_beta3.2,-4.613,
phase4_ensemble,ens_s0012_1EZM_baseline_crystal,-3.555,
phase4_ensemble,ens_s0012_lasb_conformer_beta0.0,-3.734,
phase4_ensemble,ens_s0012_lasb_conformer_beta0.8,-4.426,
phase4_ensemble,ens_s0012_lasb_conformer_beta1.6,-4.216,
phase4_ensemble,ens_s0012_lasb_conformer_beta2.4,-3.515,
phase4_ensemble,ens_s0012_lasb_conformer_beta3.2,-4.313,
phase4_ensemble,ens_s0013_1EZM_baseline_crystal,-4.061,
phase4_ensemble,ens_s0013_lasb_conformer_beta0.0,-5.131,
phase4_ensemble,ens_s0013_lasb_conformer_beta0.8,-5.417,
phase4_ensemble,ens_s0013_lasb_conformer_beta1.6,-5.0,
phase4_ensemble,ens_s0013_lasb_conformer_beta2.4,-4.994,
phase4_ensemble,ens_s0013_lasb_conformer_beta3.2,-5.61,
phase4_ensemble,ens_s0014_1EZM_baseline_crystal,-4.58,
phase4_ensemble,ens_s0014_lasb_conformer_beta0.0,-5.572,
phase4_ensemble,ens_s0014_lasb_conformer_beta0.8,-5.52,
phase4_ensemble,ens_s0014_lasb_conformer_beta1.6,-4.283,
phase4_ensemble,ens_s0014_lasb_conformer_beta2.4,-5.195,
phase4_ensemble,ens_s0014_lasb_conformer_beta3.2,-4.726,
phase4_ensemble,ens_s0015_1EZM_baseline_crystal,-3.307,
phase4_ensemble,ens_s0015_lasb_conformer_beta0.0,-3.831,
phase4_ensemble,ens_s0015_lasb_conformer_beta0.8,-3.554,
phase4_ensemble,ens_s0015_lasb_conformer_beta1.6,-4.096,
phase4_ensemble,ens_s0015_lasb_conformer_beta2.4,-3.917,
phase4_ensemble,ens_s0015_lasb_conformer_beta3.2,-3.308,
phase4_ensemble,ens_s0016_1EZM_baseline_crystal,-4.246,
phase4_ensemble,ens_s0016_lasb_conformer_beta0.0,-4.849,
phase4_ensemble,ens_s0016_lasb_conformer_beta0.8,-4.552,
phase4_ensemble,ens_s0016_lasb_conformer_beta1.6,-4.489,
phase4_ensemble,ens_s0016_lasb_conformer_beta2.4,-3.695,
phase4_ensemble,ens_s0016_lasb_conformer_beta3.2,-4.572,
phase4_ensemble,ens_s0017_1EZM_baseline_crystal,-3.304,
phase4_ensemble,ens_s0017_lasb_conformer_beta0.0,-4.964,
phase4_ensemble,ens_s0017_lasb_conformer_beta0.8,-4.411,
phase4_ensemble,ens_s0017_lasb_conformer_beta1.6,-5.138,
phase4_ensemble,ens_s0017_lasb_conformer_beta2.4,-5.072,
phase4_ensemble,ens_s0017_lasb_conformer_beta3.2,-3.852,
phase4_ensemble,ens_s0018_1EZM_baseline_crystal,-3.803,
phase4_ensemble,ens_s0018_lasb_conformer_beta0.0,-4.715,
phase4_ensemble,ens_s0018_lasb_conformer_beta0.8,-3.818,
phase4_ensemble,ens_s0018_lasb_conformer_beta1.6,-4.621,
phase4_ensemble,ens_s0018_lasb_conformer_beta2.4,-4.497,
phase4_ensemble,ens_s0018_lasb_conformer_beta3.2,-3.719,
phase4_ensemble,ens_s0019_1EZM_baseline_crystal,-3.042,
phase4_ensemble,ens_s0019_lasb_conformer_beta0.0,-3.594,
phase4_ensemble,ens_s0019_lasb_conformer_beta0.8,-3.686,
phase4_ensemble,ens_s0019_lasb_conformer_beta1.6,-3.903,
phase4_ensemble,ens_s0019_lasb_conformer_beta2.4,-3.643,
phase4_ensemble,ens_s0019_lasb_conformer_beta3.2,-4.641,
control_a,ctrl_a_c0000_seed123,-2.701,
control_a,ctrl_a_c0000_seed1337,-2.73,
control_a,ctrl_a_c0000_seed2024,-2.733,
control_a,ctrl_a_c0000_seed42,-2.716,
control_a,ctrl_a_c0000_seed456,-2.71,
control_a,ctrl_a_c0000_seed789,-2.776,
control_a,ctrl_a_c0001_seed123,-3.125,
control_a,ctrl_a_c0001_seed1337,-2.828,
control_a,ctrl_a_c0001_seed2024,-3.145,
control_a,ctrl_a_c0001_seed42,-3.186,
control_a,ctrl_a_c0001_seed456,-3.127,
control_a,ctrl_a_c0001_seed789,-2.822,
control_a,ctrl_a_c0002_seed123,-3.735,
control_a,ctrl_a_c0002_seed1337,-3.73,
control_a,ctrl_a_c0002_seed2024,-3.73,
control_a,ctrl_a_c0002_seed42,-3.729,
control_a,ctrl_a_c0002_seed456,-3.73,
control_a,ctrl_a_c0002_seed789,-3.732,
control_a,ctrl_a_c0003_seed123,-3.466,
control_a,ctrl_a_c0003_seed1337,-3.988,
control_a,ctrl_a_c0003_seed2024,-3.489,
control_a,ctrl_a_c0003_seed42,-3.593,
control_a,ctrl_a_c0003_seed456,-3.489,
control_a,ctrl_a_c0003_seed789,-3.465,
control_a,ctrl_a_c0004_seed123,-3.759,
control_a,ctrl_a_c0004_seed1337,-3.988,
control_a,ctrl_a_c0004_seed2024,-3.815,
control_a,ctrl_a_c0004_seed42,-3.904,
control_a,ctrl_a_c0004_seed456,-3.845,
control_a,ctrl_a_c0004_seed789,-3.77,
control_a,ctrl_a_c0005_seed123,-3.745,
control_a,ctrl_a_c0005_seed1337,-3.54,
control_a,ctrl_a_c0005_seed2024,-3.365,
control_a,ctrl_a_c0005_seed42,-3.322,
control_a,ctrl_a_c0005_seed456,-3.276,
control_a,ctrl_a_c0005_seed789,-3.17,
control_a,ctrl_a_c0006_seed123,-4.329,
control_a,ctrl_a_c0006_seed1337,-4.318,
control_a,ctrl_a_c0006_seed2024,-4.281,
control_a,ctrl_a_c0006_seed42,-4.263,
control_a,ctrl_a_c0006_seed456,-4.353,
control_a,ctrl_a_c0006_seed789,-4.342,
control_a,ctrl_a_c0007_seed123,-3.278,
control_a,ctrl_a_c0007_seed1337,-3.331,
control_a,ctrl_a_c0007_seed2024,-3.178,
control_a,ctrl_a_c0007_seed42,-3.104,
control_a,ctrl_a_c0007_seed456,-3.057,
control_a,ctrl_a_c0007_seed789,-3.163,
control_a,ctrl_a_c0008_seed123,-4.663,
control_a,ctrl_a_c0008_seed1337,-4.591,
control_a,ctrl_a_c0008_seed2024,-4.536,
control_a,ctrl_a_c0008_seed42,-4.723,
control_a,ctrl_a_c0008_seed456,-4.552,
control_a,ctrl_a_c0008_seed789,-4.685,
control_a,ctrl_a_c0009_seed123,-2.889,
control_a,ctrl_a_c0009_seed1337,-2.773,
control_a,ctrl_a_c0009_seed2024,-3.036,
control_a,ctrl_a_c0009_seed42,-3.243,
control_a,ctrl_a_c0009_seed456,-3.114,
control_a,ctrl_a_c0009_seed789,-2.913,
control_a,ctrl_a_c0010_seed123,-3.387,
control_a,ctrl_a_c0010_seed1337,-3.272,
control_a,ctrl_a_c0010_seed2024,-3.854,
control_a,ctrl_a_c0010_seed42,-3.834,
control_a,ctrl_a_c0010_seed456,-4.024,
control_a,ctrl_a_c0010_seed789,-3.613,
control_a,ctrl_a_c0011_seed123,-2.654,
control_a,ctrl_a_c0011_seed1337,-3.071,
control_a,ctrl_a_c0011_seed2024,-2.667,
control_a,ctrl_a_c0011_seed42,-3.164,
control_a,ctrl_a_c0011_seed456,-3.059,
control_a,ctrl_a_c0011_seed789,-3.004,
control_a,ctrl_a_c0012_seed123,-3.558,
control_a,ctrl_a_c0012_seed1337,-3.652,
control_a,ctrl_a_c0012_seed2024,-3.623,
control_a,ctrl_a_c0012_seed42,-3.555,
control_a,ctrl_a_c0012_seed456,-3.793,
control_a,ctrl_a_c0012_seed789,-3.459,
control_a,ctrl_a_c0013_seed123,-3.712,
control_a,ctrl_a_c0013_seed1337,-3.935,
control_a,ctrl_a_c0013_seed2024,-3.861,
control_a,ctrl_a_c0013_seed42,-4.061,
control_a,ctrl_a_c0013_seed456,-3.973,
control_a,ctrl_a_c0013_seed789,-4.065,
control_a,ctrl_a_c0014_seed123,-4.341,
control_a,ctrl_a_c0014_seed1337,-3.686,
control_a,ctrl_a_c0014_seed2024,-4.468,
control_a,ctrl_a_c0014_seed42,-4.58,
control_a,ctrl_a_c0014_seed456,-4.499,
control_a,ctrl_a_c0014_seed789,-4.523,
control_a,ctrl_a_c0015_seed123,-3.387,
control_a,ctrl_a_c0015_seed1337,-3.464,
control_a,ctrl_a_c0015_seed2024,-3.346,
control_a,ctrl_a_c0015_seed42,-3.307,
control_a,ctrl_a_c0015_seed456,-3.258,
control_a,ctrl_a_c0015_seed789,-3.234,
control_a,ctrl_a_c0016_seed123,-4.179,
control_a,ctrl_a_c0016_seed1337,-4.142,
control_a,ctrl_a_c0016_seed2024,-4.033,
control_a,ctrl_a_c0016_seed42,-4.246,
control_a,ctrl_a_c0016_seed456,-4.129,
control_a,ctrl_a_c0016_seed789,-4.162,
control_a,ctrl_a_c0017_seed123,-3.018,
control_a,ctrl_a_c0017_seed1337,-2.861,
control_a,ctrl_a_c0017_seed2024,-3.037,
control_a,ctrl_a_c0017_seed42,-3.304,
control_a,ctrl_a_c0017_seed456,-3.043,
control_a,ctrl_a_c0017_seed789,-3.028,
control_a,ctrl_a_c0018_seed123,-3.714,
control_a,ctrl_a_c0018_seed1337,-3.764,
control_a,ctrl_a_c0018_seed2024,-4.057,
control_a,ctrl_a_c0018_seed42,-3.803,
control_a,ctrl_a_c0018_seed456,-3.905,
control_a,ctrl_a_c0018_seed789,-3.857,
control_a,ctrl_a_c0019_seed123,-3.202,
control_a,ctrl_a_c0019_seed1337,-3.16,
control_a,ctrl_a_c0019_seed2024,-3.129,
control_a,ctrl_a_c0019_seed42,-3.042,
control_a,ctrl_a_c0019_seed456,-3.067,
control_a,ctrl_a_c0019_seed789,-3.289,
control_b,ctrlb_d0000_betabeta0.0,-6.179,
control_b,ctrlb_d0000_betabeta0.8,-4.934,
control_b,ctrlb_d0000_betabeta1.6,-5.119,
control_b,ctrlb_d0000_betabeta2.4,-4.846,
control_b,ctrlb_d0000_betabeta3.2,-5.109,
control_b,ctrlb_d0000_crystal,-4.224,
control_b,ctrlb_d0001_betabeta0.0,-5.6,
control_b,ctrlb_d0001_betabeta0.8,-5.576,
control_b,ctrlb_d0001_betabeta1.6,-5.727,
control_b,ctrlb_d0001_betabeta2.4,-4.556,
control_b,ctrlb_d0001_betabeta3.2,-5.356,
control_b,ctrlb_d0001_crystal,-4.614,
control_b,ctrlb_d0002_betabeta0.0,-6.206,
control_b,ctrlb_d0002_betabeta0.8,-5.466,
control_b,ctrlb_d0002_betabeta1.6,-5.498,
control_b,ctrlb_d0002_betabeta2.4,-4.56,
control_b,ctrlb_d0002_betabeta3.2,-5.633,
control_b,ctrlb_d0002_crystal,-4.067,
control_b,ctrlb_d0003_betabeta0.0,-4.046,
control_b,ctrlb_d0003_betabeta0.8,-3.626,
control_b,ctrlb_d0003_betabeta1.6,-3.485,
control_b,ctrlb_d0003_betabeta2.4,-3.843,
control_b,ctrlb_d0003_betabeta3.2,-3.798,
control_b,ctrlb_d0003_crystal,-3.392,
control_b,ctrlb_d0004_betabeta0.0,-6.65,
control_b,ctrlb_d0004_betabeta0.8,-5.62,
control_b,ctrlb_d0004_betabeta1.6,-5.39,
control_b,ctrlb_d0004_betabeta2.4,-5.291,
control_b,ctrlb_d0004_betabeta3.2,-6.007,
control_b,ctrlb_d0004_crystal,-3.956,
control_b,ctrlb_d0005_betabeta0.0,-5.516,
control_b,ctrlb_d0005_betabeta0.8,-4.846,
control_b,ctrlb_d0005_betabeta1.6,-5.447,
control_b,ctrlb_d0005_betabeta2.4,-4.893,
control_b,ctrlb_d0005_betabeta3.2,-5.159,
control_b,ctrlb_d0005_crystal,-3.832,
control_b,ctrlb_d0006_betabeta0.0,-5.136,
control_b,ctrlb_d0006_betabeta0.8,-4.631,
control_b,ctrlb_d0006_betabeta1.6,-4.754,
control_b,ctrlb_d0006_betabeta2.4,-4.714,
control_b,ctrlb_d0006_betabeta3.2,-4.184,
control_b,ctrlb_d0006_crystal,-3.883,
control_b,ctrlb_d0007_betabeta0.0,-4.583,
control_b,ctrlb_d0007_betabeta0.8,-4.529,
control_b,ctrlb_d0007_betabeta1.6,-4.224,
control_b,ctrlb_d0007_betabeta2.4,-4.886,
control_b,ctrlb_d0007_betabeta3.2,-4.762,
control_b,ctrlb_d0007_crystal,-3.778,
control_b,ctrlb_d0008_betabeta0.0,-5.651,
control_b,ctrlb_d0008_betabeta0.8,-6.301,
control_b,ctrlb_d0008_betabeta1.6,-4.636,
control_b,ctrlb_d0008_betabeta2.4,-4.343,
control_b,ctrlb_d0008_betabeta3.2,-7.384,
control_b,ctrlb_d0008_crystal,-4.205,
control_b,ctrlb_d0009_betabeta0.0,-4.636,
control_b,ctrlb_d0009_betabeta0.8,-3.616,
control_b,ctrlb_d0009_betabeta1.6,-4.016,
control_b,ctrlb_d0009_betabeta2.4,-3.968,
control_b,ctrlb_d0009_betabeta3.2,-3.938,
control_b,ctrlb_d0009_crystal,-4.09,
control_b,ctrlb_d0010_betabeta0.0,-5.116,
control_b,ctrlb_d0010_betabeta0.8,-5.049,
control_b,ctrlb_d0010_betabeta1.6,-4.638,
control_b,ctrlb_d0010_betabeta2.4,-4.971,
control_b,ctrlb_d0010_betabeta3.2,-5.607,
control_b,ctrlb_d0010_crystal,-3.919,
control_b,ctrlb_d0011_betabeta0.0,-4.684,
control_b,ctrlb_d0011_betabeta0.8,-4.449,
control_b,ctrlb_d0011_betabeta1.6,-3.976,
control_b,ctrlb_d0011_betabeta2.4,-3.897,
control_b,ctrlb_d0011_betabeta3.2,-5.067,
control_b,ctrlb_d0011_crystal,-3.464,
control_b,ctrlb_d0012_betabeta0.0,-6.732,
control_b,ctrlb_d0012_betabeta0.8,-6.652,
control_b,ctrlb_d0012_betabeta1.6,-5.99,
control_b,ctrlb_d0012_betabeta2.4,-5.95,
control_b,ctrlb_d0012_betabeta3.2,-7.389,
control_b,ctrlb_d0012_crystal,-3.948,
control_b,ctrlb_d0013_betabeta0.0,-3.335,
control_b,ctrlb_d0013_betabeta0.8,-3.709,
control_b,ctrlb_d0013_betabeta1.6,-3.95,
control_b,ctrlb_d0013_betabeta2.4,-3.684,
control_b,ctrlb_d0013_betabeta3.2,-4.327,
control_b,ctrlb_d0013_crystal,-2.972,
control_b,ctrlb_d0014_betabeta0.0,-3.949,
control_b,ctrlb_d0014_betabeta0.8,-4.101,
control_b,ctrlb_d0014_betabeta1.6,-3.314,
control_b,ctrlb_d0014_betabeta2.4,-3.316,
control_b,ctrlb_d0014_betabeta3.2,-4.082,
control_b,ctrlb_d0014_crystal,-2.986,
control_b,ctrlb_d0015_betabeta0.0,-4.438,
control_b,ctrlb_d0015_betabeta0.8,-4.041,
control_b,ctrlb_d0015_betabeta1.6,-3.229,
control_b,ctrlb_d0015_betabeta2.4,-3.626,
control_b,ctrlb_d0015_betabeta3.2,-3.113,
control_b,ctrlb_d0015_crystal,-2.973,
control_b,ctrlb_d0016_betabeta0.0,-4.708,
control_b,ctrlb_d0016_betabeta0.8,-4.287,
control_b,ctrlb_d0016_betabeta1.6,-3.778,
control_b,ctrlb_d0016_betabeta2.4,-3.842,
control_b,ctrlb_d0016_betabeta3.2,-3.453,
control_b,ctrlb_d0016_crystal,-3.158,
control_b,ctrlb_d0017_betabeta0.0,-5.125,
control_b,ctrlb_d0017_betabeta0.8,-4.754,
control_b,ctrlb_d0017_betabeta1.6,-4.456,
control_b,ctrlb_d0017_betabeta2.4,-4.967,
control_b,ctrlb_d0017_betabeta3.2,-5.579,
control_b,ctrlb_d0017_crystal,-4.536,
control_b,ctrlb_d0018_betabeta0.0,-4.34,
control_b,ctrlb_d0018_betabeta0.8,-3.931,
control_b,ctrlb_d0018_betabeta1.6,-3.788,
control_b,ctrlb_d0018_betabeta2.4,-4.016,
control_b,ctrlb_d0018_betabeta3.2,-4.456,
control_b,ctrlb_d0018_crystal,-2.974,
control_b,ctrlb_d0019_betabeta0.0,-3.906,
control_b,ctrlb_d0019_betabeta0.8,-5.035,
control_b,ctrlb_d0019_betabeta1.6,-4.669,
control_b,ctrlb_d0019_betabeta2.4,-3.677,
control_b,ctrlb_d0019_betabeta3.2,-5.498,
control_b,ctrlb_d0019_crystal,-3.226,
phase6_actives,p6_Engel_11_1EZM_apo_s123,-4.066,
phase6_actives,p6_Engel_11_1EZM_apo_s42,-4.101,
phase6_actives,p6_Engel_11_1EZM_apo_s456,-4.104,
phase6_actives,p6_Engel_11_3DBK_holo_s123,-5.252,
phase6_actives,p6_Engel_11_3DBK_holo_s42,-5.078,
phase6_actives,p6_Engel_11_3DBK_holo_s456,-5.157,
phase6_actives,p6_Engel_12_1EZM_apo_s123,-4.483,
phase6_actives,p6_Engel_12_1EZM_apo_s42,-4.542,
phase6_actives,p6_Engel_12_1EZM_apo_s456,-4.323,
phase6_actives,p6_Engel_12_3DBK_holo_s123,-4.779,
phase6_actives,p6_Engel_12_3DBK_holo_s42,-4.804,
phase6_actives,p6_Engel_12_3DBK_holo_s456,-4.797,
phase6_actives,p6_Engel_13_1EZM_apo_s123,-4.248,
phase6_actives,p6_Engel_13_1EZM_apo_s42,-4.251,
phase6_actives,p6_Engel_13_1EZM_apo_s456,-4.07,
phase6_actives,p6_Engel_13_3DBK_holo_s123,-4.648,
phase6_actives,p6_Engel_13_3DBK_holo_s42,-5.088,
phase6_actives,p6_Engel_13_3DBK_holo_s456,-5.058,
phase6_actives,p6_Engel_15_1EZM_apo_s123,-3.884,
phase6_actives,p6_Engel_15_1EZM_apo_s42,-3.794,
phase6_actives,p6_Engel_15_1EZM_apo_s456,-3.82,
phase6_actives,p6_Engel_15_3DBK_holo_s123,-4.737,
phase6_actives,p6_Engel_15_3DBK_holo_s42,-4.746,
phase6_actives,p6_Engel_15_3DBK_holo_s456,-4.725,
phase6_actives,p6_Engel_16_1EZM_apo_s123,-4.839,
phase6_actives,p6_Engel_16_1EZM_apo_s42,-4.542,
phase6_actives,p6_Engel_16_1EZM_apo_s456,-4.616,
phase6_actives,p6_Engel_16_3DBK_holo_s123,-5.572,
phase6_actives,p6_Engel_16_3DBK_holo_s42,-5.512,
phase6_actives,p6_Engel_16_3DBK_holo_s456,-5.653,
phase6_actives,p6_Engel_17_1EZM_apo_s123,-4.12,
phase6_actives,p6_Engel_17_1EZM_apo_s42,-4.1,
phase6_actives,p6_Engel_17_1EZM_apo_s456,-4.018,
phase6_actives,p6_Engel_17_3DBK_holo_s123,-5.394,
phase6_actives,p6_Engel_17_3DBK_holo_s42,-5.396,
phase6_actives,p6_Engel_17_3DBK_holo_s456,-5.411,
phase6_actives,p6_Engel_19_1EZM_apo_s123,-3.531,
phase6_actives,p6_Engel_19_1EZM_apo_s42,-3.408,
phase6_actives,p6_Engel_19_1EZM_apo_s456,-3.39,
phase6_actives,p6_Engel_19_3DBK_holo_s123,-5.207,
phase6_actives,p6_Engel_19_3DBK_holo_s42,-5.198,
phase6_actives,p6_Engel_19_3DBK_holo_s456,-5.246,
phase6_actives,p6_Engel_23_1EZM_apo_s123,-3.988,
phase6_actives,p6_Engel_23_1EZM_apo_s42,-3.932,
phase6_actives,p6_Engel_23_1EZM_apo_s456,-3.926,
phase6_actives,p6_Engel_23_3DBK_holo_s123,-4.902,
phase6_actives,p6_Engel_23_3DBK_holo_s42,-4.915,
phase6_actives,p6_Engel_23_3DBK_holo_s456,-4.841,
phase6_actives,p6_Engel_3_1EZM_apo_s123,-4.18,
phase6_actives,p6_Engel_3_1EZM_apo_s42,-4.218,
phase6_actives,p6_Engel_3_1EZM_apo_s456,-4.204,
phase6_actives,p6_Engel_3_3DBK_holo_s123,-5.557,
phase6_actives,p6_Engel_3_3DBK_holo_s42,-5.554,
phase6_actives,p6_Engel_3_3DBK_holo_s456,-5.578,
phase6_actives,p6_Engel_5_1EZM_apo_s123,-3.871,
phase6_actives,p6_Engel_5_1EZM_apo_s42,-3.753,
phase6_actives,p6_Engel_5_1EZM_apo_s456,-3.824,
phase6_actives,p6_Engel_5_3DBK_holo_s123,-5.239,
phase6_actives,p6_Engel_5_3DBK_holo_s42,-5.236,
phase6_actives,p6_Engel_5_3DBK_holo_s456,-5.234,
phase6_actives,p6_Phosphoramidon_1EZM_apo_s123,-4.623,
phase6_actives,p6_Phosphoramidon_1EZM_apo_s42,-4.647,
phase6_actives,p6_Phosphoramidon_1EZM_apo_s456,-4.693,
phase6_actives,p6_Phosphoramidon_3DBK_holo_s123,-7.002,
phase6_actives,p6_Phosphoramidon_3DBK_holo_s42,-6.93,
phase6_actives,p6_Phosphoramidon_3DBK_holo_s456,-6.86,
